id	type
Kali Rocha	Actor
Mila Par√©ly	Actor
Rachel True	Actor
Alain Morel	Actor
Alex Daniels	Actor
Steven Yeun	Actor
Stuart Wilson	Actor
Sh√¥tar√¥ Morikubo	Actor
David Brisbin	Actor
Ken Takakura	Actor
Dee Bradley Baker	Actor
Maureen O'Sullivan	Actor
Jennifer Aniston	Actor
Toby Froud	Actor
Max Charles	Actor
Michael Hitchcock	Actor
Rob Riggle	Actor
Rick Moranis	Actor
Kristin Chenoweth	Actor
Peter Ostrum	Actor
Jennifer Jason Leigh	Actor
Chris Wiggins	Actor
Brooklynn Proulx	Actor
William Sadler	Actor
Sharlto Copley	Actor
Stevie Wonder	Actor
Neil deGrasse Tyson	Actor
Arleen Whelan	Actor
Chester	Actor
Sam Shepard	Actor
Ira Wheeler	Actor
Troy Gentile	Actor
Lea Salonga	Actor
Alan Howard	Actor
Jennifer Warren	Actor
Harrison Ford	Actor
Vivien Leigh	Actor
Barry Humphries	Actor
Ben Reed	Actor
Anne Hathaway	Actor
Courtney Gains	Actor
Takuya Kimura	Actor
Steve Inwood	Actor
Penny Leatherbarrow	Actor
James Caan	Actor
Tina Barrett	Actor
Rachel Bilson	Actor
Daniel Craig	Actor
America Ferrera	Actor
Bengt Ekerot	Actor
Irene Miracle	Actor
Anna Chlumsky	Actor
Peter Cullen	Actor
Emma Thompson	Actor
Rudy Eisenzopf	Actor
Cindy Manion	Actor
Carrie Fisher	Actor
Nathan Lane	Actor
Allen Covert	Actor
Levy Easterly	Actor
Joanna Newsom	Actor
Alice Greczyn	Actor
Erick Avari	Actor
Devon Sawa	Actor
Mark Strong	Actor
Gregory Walcott	Actor
Michael Graham Cox	Actor
Corbin Bernsen	Actor
Guy Decomble	Actor
Andrea Eckert	Actor
Tim O'Kelly	Actor
Corey Johnson	Actor
Mara Corday	Actor
Michael Durrell	Actor
Jean Smart	Actor
Burt Young	Actor
Joan Fontaine	Actor
Lee Marvin	Actor
Sam Huntington	Actor
Matthew Laurance	Actor
Jayma Mays	Actor
Carla Gugino	Actor
Kirk Douglas	Actor
Minnie Driver	Actor
Maureen O'Hara	Actor
Ray Barrett	Actor
David Bowie	Actor
Mark Linn-Baker	Actor
Leigh Taylor-Young	Actor
Amy Yasbeck	Actor
Sean Maguire	Actor
Randy Quaid	Actor
Steve McQueen	Actor
Liam Neeson	Actor
Vernon Dobtcheff	Actor
Brian O'Halloran	Actor
Helmut Bakaitis	Actor
Barbara Harris	Actor
John Phillip Law	Actor
Chris Riggi	Actor
Charli Barcena	Actor
John Leguizamo	Actor
Justin Bartha	Actor
Richard Briers	Actor
Ray Bolger	Actor
Robert Forster	Actor
Cody McMains	Actor
Victor Garber	Actor
Quinn Cummings	Actor
Vicky Haughton	Actor
Natalie Cole	Actor
Rosamund Pike	Actor
Stephen McHattie	Actor
Dane Farwell	Actor
Gretchen Mol	Actor
Rudy Blomme	Actor
Frances Bay	Actor
Lorraine Pilkington	Actor
Peta Wilson	Actor
Jason Patric	Actor
Amanda Peet	Actor
Sarah-Jeanne Labrosse	Actor
E.G. Marshall	Actor
Vincent Pastore	Actor
Mare Winningham	Actor
Fred A. Leuchter Jr.	Actor
Danny Kaye	Actor
Constantin von Jascheroff	Actor
Richard Wilson	Actor
Matthew Lawrence	Actor
Lisa Kudrow	Actor
John Hargrove	Actor
Conrad Veidt	Actor
Zachary Bennett	Actor
Edward Everett Horton	Actor
Hank Azaria	Actor
Mia Bendixsen	Actor
Michael Madsen	Actor
William Atherton	Actor
Douglas Mellor	Actor
Keanu Reeves	Actor
Lawrence Bender	Actor
Juano Hernandez	Actor
Justin Chambers	Actor
Monica Bellucci	Actor
Edward G. Robinson	Actor
Anthony Ruivivar	Actor
Harland Williams	Actor
Petr Ratimec	Actor
Joanne Dru	Actor
Don Harvey	Actor
Demi Lovato	Actor
Ethan Suplee	Actor
Jonathan Ke Quan	Actor
Sam Worthington	Actor
Karyn Parsons	Actor
Amy Wright	Actor
Hugo Weaving	Actor
Rachel McAdams	Actor
Frank Whaley	Actor
Stephanie Roth Haberle	Actor
Otto Kruger	Actor
Richard Whorf	Actor
Jason Cope	Actor
Terence Alexander	Actor
Iron Eyes Cody	Actor
Ayumi It√¥	Actor
Shawnee Smith	Actor
Frank Overton	Actor
Nikki Reed	Actor
Ellen Latzen	Actor
Robert Popper	Actor
Soledad Villamil	Actor
Chris Stack	Actor
Emmanuelle B√©art	Actor
Pam Ferris	Actor
George Lazenby	Actor
John Vernon	Actor
Reni Santoni	Actor
Brooke Shields	Actor
French Stewart	Actor
Vanessa Ferlito	Actor
Ty Burrell	Actor
Amara Miller	Actor
Helen Martin	Actor
Cynthia Gibb	Actor
Amber Benson	Actor
Ann Pennington	Actor
Morgan Freeman	Actor
K√¥ichi Yamadera	Actor
Quinn Lord	Actor
Russell Means	Actor
Brittany Daniel	Actor
Sharni Vinson	Actor
Tamara Tunie	Actor
Gloria Grahame	Actor
Peter Behn	Actor
Lilli Palmer	Actor
Joel McHale	Actor
Lance Crouther	Actor
Heather Angel	Actor
Xiaogang Feng	Actor
Celia Imrie	Actor
Nancy Cartwright	Actor
Madonna	Actor
Teresa Mo	Actor
Sandra Prinsloo	Actor
Kate Beahan	Actor
Greta Lind	Actor
Robert Mitchum	Actor
Bryan White	Actor
Mark Burns	Actor
Winnie Lightner	Actor
Dennis Farina	Actor
John Huston	Actor
Chris O'Neil	Actor
Amanda Peterson	Actor
Bruce Allpress	Actor
Andy Arness	Actor
Melody Anderson	Actor
Kristin Scott Thomas	Actor
Joe Viterelli	Actor
Charles Ruggles	Actor
Ron Rich	Actor
Christopher Reeve	Actor
Trevor Jack Brooks	Actor
Amanda Kearsan	Actor
Kathryn Holcomb	Actor
Victor Argo	Actor
Beverly D'Angelo	Actor
Victor Buono	Actor
Hubertus Bengsch	Actor
Richard Brooks	Actor
John Ritter	Actor
Monica Keena	Actor
Makio Inoue	Actor
Gino Ardito	Actor
Julie Harris	Actor
Finn Carter	Actor
Glen Campbell	Actor
Katharine Towne	Actor
Barry Pepper	Actor
Reba McEntire	Actor
Beth Toussaint	Actor
Walter Connolly	Actor
Harvey Korman	Actor
Jaime King	Actor
Olek Krupa	Actor
Keenan Wynn	Actor
Charles Martin Smith	Actor
Hugh Laurie	Actor
Conrad Vernon	Actor
Lawrence Mortorff	Actor
Candy Clark	Actor
Brian Keith	Actor
Heather Donahue	Actor
Michael Carman	Actor
Susan Sarandon	Actor
Jeremy Madrona	Actor
Pete Postlethwaite	Actor
John Cazale	Actor
Tracey Ullman	Actor
Verna Felton	Actor
John DiMaggio	Actor
Bradley Pierce	Actor
Karen Black	Actor
Niamh Cusack	Actor
Brandy Norwood	Actor
Emily Deschanel	Actor
Samuel L. Jackson	Actor
Mario Brega	Actor
Clancy Brown	Actor
Lombardo Boyar	Actor
Chris Lemmon	Actor
Albert R√©my	Actor
Keri Russell	Actor
Felicity Jones	Actor
Matthew Lillard	Actor
Warwick Davis	Actor
Dillon Woolley	Actor
Rajendranath Zutshi	Actor
Andy Garcia	Actor
Ken Sansom	Actor
Jonathan Lipnicki	Actor
Scott Porter	Actor
Jean Hagen	Actor
Rachel Griffiths	Actor
Rod Taylor	Actor
Sonja Smits	Actor
Rita Hayworth	Actor
Tim Blake Nelson	Actor
Marilyn Joi	Actor
Josh Peck	Actor
Alexia Landeau	Actor
Yasuo Yamada	Actor
Annie Golden	Actor
Andre Gregory	Actor
Buddy Ebsen	Actor
Gael Garc√≠a Bernal	Actor
Melanie Mayron	Actor
Lowell Landes	Actor
Jude Law	Actor
Claudine Longet	Actor
Steven Seagal	Actor
Dennis Storh√∏i	Actor
Chris Isaak	Actor
Isuzu Yamada	Actor
Pamela Nomvete	Actor
C. Thomas Howell	Actor
Joan Lunden	Actor
Seth Rogen	Actor
Karin Konoval	Actor
Ava Gardner	Actor
Kenneth Graymez	Actor
Eva Gabor	Actor
Barry Watson	Actor
John Beckman	Actor
Mary-Louise Parker	Actor
Jos√© Ferrer	Actor
Aml Ameen	Actor
Alan Alda	Actor
Jacob Brent	Actor
Joanna Lumley	Actor
Fallon	Actor
Jan Gan Boyd	Actor
Lenny von Dohlen	Actor
Josef Swickard	Actor
Shin'ichi Himori	Actor
Amber Tamblyn	Actor
David Krumholtz	Actor
Brett Harrelson	Actor
Matthew Rush Sullivan	Actor
Marguerite Moreau	Actor
Jennifer Tilly	Actor
Audrey Hepburn	Actor
Diarmuid Noyes	Actor
Judd Hirsch	Actor
Eliza Dushku	Actor
Vivica A. Fox	Actor
Fred Norris	Actor
Albert Brooks	Actor
Neil Flynn	Actor
Pomeroy Cannon	Actor
Holmes Osborne	Actor
Ron Livingston	Actor
Yvonne Zima	Actor
Woody Allen	Actor
Leon Ames	Actor
Brad Pitt	Actor
Ned Dowd	Actor
R.G. Armstrong	Actor
Naomie Harris	Actor
G√©rard Depardieu	Actor
Michelle Hargrove	Actor
Edward Norton	Actor
Louis Gossett Jr.	Actor
Estelle Getty	Actor
Cillian Murphy	Actor
Annette Bening	Actor
Mischa Barton	Actor
Takashi Shimura	Actor
Eddie Deezen	Actor
Jon Heder	Actor
Rod Steiger	Actor
Lou Romano	Actor
Jerzy Kosinski	Actor
Tung Thanh Tran	Actor
Timothy Bottoms	Actor
Andrew Seear	Actor
Frank B. Moore	Actor
Vivian Pickles	Actor
Timothy Dalton	Actor
Samantha Harrington	Actor
Jennifer Garner	Actor
Lacey Chabert	Actor
Peter Lorre	Actor
Chazz Palminteri	Actor
Stephen Campbell Moore	Actor
Anne Francis	Actor
Jessica Alba	Actor
Bryan Batt	Actor
Joel Grey	Actor
Trent Ford	Actor
Philip King	Actor
Eddie Kaye Thomas	Actor
Frederic Forrest	Actor
Jarred Rumbold	Actor
Margo Martindale	Actor
James Van Der Beek	Actor
Willie Nelson	Actor
Jack Oakie	Actor
Brian Krause	Actor
Mia Bell	Actor
Peter Dvorsky	Actor
Rhonda Fleming	Actor
Jean Caffeine	Actor
Thelma Ritter	Actor
Annie McEnroe	Actor
Eugene Levy	Actor
Richard C. Sarafian	Actor
Mackenzie Astin	Actor
James Corden	Actor
Angeline Ball	Actor
Hansj√∂rg Felmy	Actor
Bill Hader	Actor
John Roselius	Actor
Carissa Capobianco	Actor
Liza Minnelli	Actor
John Howard	Actor
Tobey Maguire	Actor
Don Cheadle	Actor
Jean Marsh	Actor
Paul Dano	Actor
Starletta DuPois	Actor
Henry Fonda	Actor
Betsy Russell	Actor
Steve Harris	Actor
Johnny Knoxville	Actor
Bryce Dallas Howard	Actor
Matiaz Bureau Caton	Actor
Meryl Streep	Actor
Tien You Chui	Actor
Robert Blake	Actor
Reginald Owen	Actor
Katherine Heigl	Actor
Mike Vogel	Actor
Steve Pemberton	Actor
Dawn French	Actor
Richard Herd	Actor
Harry Andrews	Actor
Patrick Renna	Actor
Derek Luke	Actor
Richard Tyson	Actor
Jason Isaacs	Actor
Wanda Sykes	Actor
Barbara Stanwyck	Actor
Rene Russo	Actor
Billy Lenhart	Actor
Walter Brooke	Actor
Ernest Borgnine	Actor
Douglas Spencer	Actor
Dylan Llewellyn	Actor
Jessica Tandy	Actor
Doug E. Doug	Actor
Thomas Ian Nicholas	Actor
Demi Moore	Actor
Martin Stringer	Actor
Anne Christianson	Actor
Rosie Huntington-Whiteley	Actor
Pat Ryan	Actor
Erin Kelly	Actor
Jason London	Actor
Ellar Coltrane	Actor
Amy Stewart	Actor
Gary Farmer	Actor
Peter Friedman	Actor
Ruth White	Actor
David Gulpilil	Actor
Patrick Stewart	Actor
Terry O'Quinn	Actor
Adrien Brody	Actor
Berry Kroeger	Actor
Michael E. Williamson	Actor
Michelan Sisti	Actor
Heather Matarazzo	Actor
Ward Bond	Actor
Kelli Maroney	Actor
Raini Rodriguez	Actor
Dennis Quaid	Actor
Eric Carte	Actor
Christina Jastrzembska	Actor
Paul Walker	Actor
Phil Foster	Actor
AnnaSophia Robb	Actor
Claudia Christian	Actor
Michael Preston	Actor
Robert Beltran	Actor
Olympia Dukakis	Actor
Jason Miller	Actor
James Le Gros	Actor
Ryan Falconer	Actor
Craig Robinson	Actor
Imogen Boorman	Actor
Joe Anderson	Actor
Bruce Dern	Actor
Andr√© Vippolis	Actor
Tina Majorino	Actor
Bill Cosby	Actor
Annie Parisse	Actor
Joshua Hill	Actor
Tsutomu Yamazaki	Actor
Nia Vardalos	Actor
Vira Montes	Actor
Elijah Wood	Actor
Sidney Blackmer	Actor
Tara Strong	Actor
Bill Cobbs	Actor
Meagan Good	Actor
Lisa Spoonauer	Actor
Roger Barclay	Actor
Tommy Davidson	Actor
Christopher Mintz-Plasse	Actor
Teri Hatcher	Actor
John C. McGinley	Actor
Melvyn Douglas	Actor
Emily Watson	Actor
Matt Dillon	Actor
Bruce Ramsay	Actor
John Hurt	Actor
Emilia Clarke	Actor
Rodney Dangerfield	Actor
Gregory Ratoff	Actor
William Mapother	Actor
Paolo Bonacelli	Actor
Marc Warren	Actor
Jim Kelly	Actor
Claire Maurier	Actor
James Donald	Actor
Mabel King	Actor
Kelly Rutherford	Actor
Philip Seymour Hoffman	Actor
Beverly Hope Atkinson	Actor
Marisa Paredes	Actor
Imogene Coca	Actor
Alexa PenaVega	Actor
Cerina Vincent	Actor
Lily Tomlin	Actor
Andrew Miller	Actor
Sharon Farrell	Actor
Joseph Gordon-Levitt	Actor
Kevin Chevalia	Actor
Andrew Scott	Actor
J.J. Johnson	Actor
John Stockwell	Actor
Rachael Leigh Cook	Actor
Tanveer K. Atwal	Actor
Aaron Eckhart	Actor
Stuart Margolin	Actor
Peter Horton	Actor
Esther Minciotti	Actor
Christopher Guest	Actor
Jonathan Frakes	Actor
Charlotte Chatton	Actor
Hector Elizondo	Actor
Craig Smith	Actor
De'Shawn Washington	Actor
Matthew Modine	Actor
Antoine Monot Jr.	Actor
Michael Landes	Actor
Mary Healy	Actor
Gabrielle Anwar	Actor
Mary Astor	Actor
Ann Todd	Actor
Vincent Perez	Actor
T.J. Miller	Actor
Douglas Seale	Actor
Anita Pallenberg	Actor
Bill Bailey	Actor
Lake Bell	Actor
Jenna Elfman	Actor
Dominic Cooper	Actor
Rhiannon Leigh Wryn	Actor
Anne Bancroft	Actor
Aoi Tada	Actor
Laura Dern	Actor
Theresa Randle	Actor
Schuyler Fisk	Actor
Aziz Ansari	Actor
Leon Errol	Actor
Anthony Quinn	Actor
Maynard Eziashi	Actor
Michael Ontkean	Actor
Sean Patrick Thomas	Actor
Brittany Snow	Actor
Jon Seda	Actor
Ulla Jacobsson	Actor
Justin Chatwin	Actor
Barry Del Sherman	Actor
Tessa Mitchell	Actor
Selena Gomez	Actor
Linda Hunt	Actor
Paulo Costanzo	Actor
Christian Bale	Actor
Richard D. Fisher Jr.	Actor
Dave	Actor
Larisa Oleynik	Actor
J.T. Walsh	Actor
Martin Henderson	Actor
Dexter Fletcher	Actor
Patrick Bedford	Actor
Clark Duke	Actor
Gladys Hulette	Actor
Lucas Gregory	Actor
Benjamin Walker	Actor
Martin Freeman	Actor
Charlize Theron	Actor
Chris Hemsworth	Actor
Val Bettin	Actor
Marisa Tomei	Actor
Mark Webber	Actor
Joey Travolta	Actor
Halle Berry	Actor
Bridget Moynahan	Actor
Richard Widmark	Actor
Ben Shenkman	Actor
Lawrence A. Bonney	Actor
Jason David Frank	Actor
Jim Backus	Actor
Joan Bennett	Actor
Bill McCutcheon	Actor
Irene Cara	Actor
Lucy Hale	Actor
Alison Lohman	Actor
Mel Brooks	Actor
Howard Duff	Actor
Alex Russell	Actor
Jason Fricchione	Actor
Deborah Twiss	Actor
Jeremy Northam	Actor
Barbie Doll	Actor
Christopher Fulford	Actor
Aamir Khan	Actor
Michael Stahl-David	Actor
Veronica Cartwright	Actor
Omarion Grandberry	Actor
Brenda Blethyn	Actor
Johnny Yong Bosch	Actor
Lung Ti	Actor
Joanna Cassidy	Actor
Van Johnson	Actor
Charles Bronson	Actor
Eileen Heckart	Actor
Dana Carvey	Actor
Haing S. Ngor	Actor
Sh√ªichir√¥ Moriyama	Actor
Katya Blumenberg	Actor
Lili Asvar	Actor
Tasha de Vasconcelos	Actor
Ronald Colman	Actor
Brit Marling	Actor
Shawn Driscoll	Actor
Rahart Adams	Actor
Buzz Kilman	Actor
Michael Par√©	Actor
Antony Acker	Actor
Bo Derek	Actor
Cole Konis	Actor
Bridgetta Clark	Actor
Donna Murphy	Actor
Ian Holm	Actor
Christopher McDonald	Actor
Armand Assante	Actor
Linda Hamilton	Actor
Jordi Moll√†	Actor
James Woods	Actor
Lili Taylor	Actor
Joan Greenwood	Actor
Morris Ankrum	Actor
Lucille Bremer	Actor
Suzuka Ohgo	Actor
Anna Hutchison	Actor
Kang-ho Song	Actor
Richard Armitage	Actor
Eiko Masuyama	Actor
Josh Duhamel	Actor
Lance Henriksen	Actor
Billy Bletcher	Actor
Jet Li	Actor
John Savage	Actor
David Hyde Pierce	Actor
Kyle Chandler	Actor
Xiaoming Huang	Actor
James Faulkner	Actor
Kathryn Hahn	Actor
Ken'ichi Hagiwara	Actor
Marla Sokoloff	Actor
Lochlyn Munro	Actor
Charles Winninger	Actor
Tiera Skovbye	Actor
Irene Bedard	Actor
Gerrit Graham	Actor
Jacobo Arbenz	Actor
Ryan Reynolds	Actor
Harriet Owen	Actor
Jon Stewart	Actor
Chen Chang	Actor
Bunshi Katsura Vi	Actor
Shirley MacLaine	Actor
Beverly Garland	Actor
Ron Annabelle	Actor
Moon Bloodgood	Actor
Gordon MacRae	Actor
Anthony Hopkins	Actor
Maggie Smith	Actor
Moira Kelly	Actor
Jan Hockey	Actor
Pam Dawber	Actor
Michael Jeter	Actor
Milton Berle	Actor
Cynthia Rhodes	Actor
Sterling Holloway	Actor
Leigh Lawson	Actor
Kelly McGillis	Actor
Boris Kodjoe	Actor
Bj√∂rk	Actor
Owen Pugh	Actor
Maya Rudolph	Actor
Liam Falconer	Actor
Miranda Richardson	Actor
Michael Dean Jacobs	Actor
Noah Emmerich	Actor
Takeshi Kitano	Actor
Sarah Brightman	Actor
James Dean	Actor
Jane Lynch	Actor
Cab Calloway	Actor
Allison Janney	Actor
Augusta Ciolli	Actor
Kim Greist	Actor
Will Forte	Actor
Katrin Sa√ü	Actor
Frank Adu	Actor
Linda Ronstadt	Actor
Jack Nicholson	Actor
Jamie Lee Curtis	Actor
Kath Soucie	Actor
P√©ter K√°lloy Moln√°r	Actor
Robert Ryan	Actor
Ron Perlman	Actor
John Cusack	Actor
Matt Long	Actor
Sean Chapman	Actor
Mel Welles	Actor
Simon Rex	Actor
Phillip Terry	Actor
Sally Ann Howes	Actor
Keir Dullea	Actor
Marlon Wayans	Actor
Ann-Marie MacDonald	Actor
Steve Burg	Actor
Kelly LeBrock	Actor
Christo Jivkov	Actor
Katharine Ross	Actor
Barnard Hughes	Actor
John Dall	Actor
Walter Lewis	Actor
Courtney Love	Actor
David Della Rocco	Actor
Nick Prideaux	Actor
Julian Lehmann	Actor
Rashida Jones	Actor
Joe Mantell	Actor
Vera Miles	Actor
Eric Sykes	Actor
Clive Owen	Actor
Leonardo Cimino	Actor
Johnny Simmons	Actor
Efren Ramirez	Actor
Billy Crudup	Actor
Jake Thomas	Actor
Tar√¥ Yamamoto	Actor
Alan Arkin	Actor
Nate Parker	Actor
Ellen Barkin	Actor
Peggy Lee	Actor
Geraldine Brooks	Actor
Billy Crystal	Actor
Mary Louise Weller	Actor
Pamela Anderson	Actor
Winona Ryder	Actor
Melba Moore	Actor
Aasif Mandvi	Actor
Joan Weldon	Actor
Sissy Spacek	Actor
Anika Noni Rose	Actor
Bahar Soomekh	Actor
Robert Schenkkan	Actor
Chevy Chase	Actor
Billy Barty	Actor
Diego Klattenhoff	Actor
Amy Green	Actor
Joanne Samuel	Actor
Leander De Cordova	Actor
Jennifer Beals	Actor
Jerry O'Connell	Actor
Jane Krakowski	Actor
Juliette Lewis	Actor
Werner Krauss	Actor
Robert Bathurst	Actor
Sof√≠a Vergara	Actor
Pamela Hart	Actor
Morgan Paull	Actor
John Landis	Actor
Bill Maher	Actor
Abbie Cornish	Actor
Wendy Raquel Robinson	Actor
Dan O'Herlihy	Actor
Tracey Walter	Actor
Candela Pe√±a	Actor
Ken Kirzinger	Actor
Emily Chu	Actor
Mia Farrow	Actor
Maria Mayenzet	Actor
Valerie Planche	Actor
Rita Moreno	Actor
Roberto Benigni	Actor
Gilbert Roland	Actor
Robert Duvall	Actor
Alfred Molina	Actor
Patrick Magee	Actor
Tyrese Gibson	Actor
Harold J. Stone	Actor
Lynn Collins	Actor
Bradley Cooper	Actor
Sean Astin	Actor
Otto von Wernherr	Actor
Fredro Starr	Actor
Clu Gulager	Actor
Clarence Nash	Actor
Bill Harrison	Actor
Jenn Proske	Actor
Eleanor Wyld	Actor
David Hemmings	Actor
Eric Stoltz	Actor
Yvette Vickers	Actor
Karl Malden	Actor
Donald Crisp	Actor
Lesley Sharp	Actor
Joaquim de Almeida	Actor
Peter Lind Hayes	Actor
Kevin Nealon	Actor
Liv Tyler	Actor
Bill Moseley	Actor
David Huband	Actor
Caroline Goodall	Actor
Mark Fichera	Actor
Brooke Adams	Actor
Graham Beckel	Actor
Sylvester Stallone	Actor
Jean Carson	Actor
Donnie Wahlberg	Actor
Ann Miller	Actor
Haviland Morris	Actor
Roy Dotrice	Actor
Armie Hammer	Actor
Gina Torres	Actor
Judy Engles	Actor
Michael Benyaer	Actor
Gina Hecht	Actor
Josh Lucas	Actor
Vincent Beck	Actor
Meg Foster	Actor
William H. Macy	Actor
Jane Alexander	Actor
Shelley Long	Actor
Alan Tudyk	Actor
Franklin Cover	Actor
Joely Richardson	Actor
Nick Stahl	Actor
Treat Williams	Actor
Max Thieriot	Actor
Thomas Jane	Actor
Paulette Patterson	Actor
Sammo Kam-Bo Hung	Actor
Andrea Corr	Actor
Raymond Burr	Actor
Andrew Wyatt	Actor
James DeBello	Actor
Gabrielle Union	Actor
Jan Munroe	Actor
Will Poulter	Actor
Ali MacGraw	Actor
Brandon Ratcliff	Actor
Whip Hubley	Actor
Patrick Pentland	Actor
Penelope Milford	Actor
Chris Eastman	Actor
Leonard Frey	Actor
Gloria Jean	Actor
Chad Webber	Actor
Olivier Bonjour	Actor
Frank Langella	Actor
Olga Kurylenko	Actor
Antonio Tarver	Actor
Rickie Sorensen	Actor
Paula Prentiss	Actor
David Kelly	Actor
John Lithgow	Actor
Joan Crawford	Actor
John Cleese	Actor
Joseph Cotten	Actor
Norah Jones	Actor
Jesse Eisenberg	Actor
James Cromwell	Actor
Jonah Bobo	Actor
Eileen Brennan	Actor
Method Man	Actor
Abe Vigoda	Actor
Salem Zreiq	Actor
Pierre Brasseur	Actor
Steve Carell	Actor
Carole Karemera	Actor
Peter Brocco	Actor
Jayne Atkinson	Actor
M. Emmet Walsh	Actor
Joseph Wiseman	Actor
Judy Davis	Actor
Darius Rose	Actor
Wolfgang Lukschy	Actor
Faycal Attougui	Actor
Ryan Hurst	Actor
Ruth Buzzi	Actor
Penn Badgley	Actor
Dave Austin	Actor
Shedrack Anderson III	Actor
Clifton Powell	Actor
Joshua Jackson	Actor
Dorothy Malone	Actor
Larry Block	Actor
Ben Gazzara	Actor
Matt Frewer	Actor
Renoly Santiago	Actor
Ruth Hussey	Actor
Bill Duke	Actor
Olivia de Havilland	Actor
Andy Lau	Actor
Dakota Sage Grant	Actor
Ray Winstone	Actor
Lindsay Lohan	Actor
Ted Beckman	Actor
Richard Bellos	Actor
Ray Barlow	Actor
David Hewlett	Actor
Tony Chiu Wai Leung	Actor
Louise Latham	Actor
Rodger Bumpass	Actor
Peter Gallagher	Actor
Simon Pegg	Actor
Curt Bois	Actor
Luenell	Actor
Oliver Hardy	Actor
Tom Skerritt	Actor
Ricardo Montalban	Actor
Danny DeVito	Actor
Kris Kristofferson	Actor
Suwinit Panjamawat	Actor
Stark Sands	Actor
Candice Bergen	Actor
Christopher Lloyd	Actor
Richard Gant	Actor
Colin Farrell	Actor
Samantha Futerman	Actor
Delroy Lindo	Actor
Josie Ho	Actor
Jonathan Bowater	Actor
Melanie Griffith	Actor
Joseph Mazzello	Actor
John Carroll Lynch	Actor
Eileen Essell	Actor
Peter Dobson	Actor
Marvin Elkins	Actor
Jinpachi Nezu	Actor
Enzo Staiola	Actor
Ina Claire	Actor
Matt Kaminsky	Actor
Ralph Macchio	Actor
Sandy Nelson	Actor
Devon Bostick	Actor
Paul L. Smith	Actor
Andrew Keir	Actor
Richard Harris	Actor
Tom McGrath	Actor
Catherine Deneuve	Actor
Bindu De Stoppani	Actor
Robert Ri'chard	Actor
Dickie Gravois	Actor
James Cagney	Actor
Anson Mount	Actor
Nat Pendleton	Actor
Timothy Farrell	Actor
Atsuko Tanaka	Actor
Kal Penn	Actor
Madhavan	Actor
Quentin Tarantino	Actor
Charles S. Dutton	Actor
Jonathan Brewer	Actor
Tim McMullan	Actor
Dean Winters	Actor
Lauren Lee Smith	Actor
Maggie Cheung	Actor
Robyn Lynne Raab	Actor
Eric Fleming	Actor
Glenn Close	Actor
Jeanne Tripplehorn	Actor
Adele Mara	Actor
Anton Rodgers	Actor
Madeleine Blaustein	Actor
Lizzy Caplan	Actor
Maile Flanagan	Actor
Katherine Waterston	Actor
Kevin Kline	Actor
Christine Anu	Actor
Harry Dean Stanton	Actor
Henry Travers	Actor
James Coburn	Actor
Mark Flannagan	Actor
Martin Sheen	Actor
Alexander Armstrong	Actor
Lisa Renee Pitts	Actor
Edward Chapman	Actor
Rebecca De Mornay	Actor
John Robinson	Actor
Stefanie Scott	Actor
Sessue Hayakawa	Actor
Deobia Oparei	Actor
Paula Abdul	Actor
Paul Muni	Actor
Warren Clarke	Actor
Larry Miller	Actor
Shannyn Sossamon	Actor
Richard Lewis	Actor
Marsha Mason	Actor
Sharon Brown	Actor
Morgan Lily	Actor
Dabney Coleman	Actor
Kevin Hart	Actor
Whoopi Goldberg	Actor
Evangeline Lilly	Actor
J.E. Freeman	Actor
Katharine Houghton	Actor
Tina Romanus	Actor
Jim Conroy	Actor
Marcy Goldman	Actor
Sam J. Jones	Actor
Jim Breuer	Actor
Karl Geary	Actor
Griffin Dunne	Actor
Miranda Cosgrove	Actor
Anupam Kher	Actor
Joe Flynn	Actor
Eric Weinstein	Actor
Douglas Dick	Actor
Chi McBride	Actor
Molly Ringwald	Actor
Adrian Grenier	Actor
Darleen Carr	Actor
Mitchell Ryan	Actor
Hardie Albright	Actor
Timothy Spall	Actor
Mark Damon	Actor
Grace Kelly	Actor
James Marsden	Actor
Charles Drake	Actor
Mark Wingett	Actor
Todd Berger	Actor
Fred Willard	Actor
Joanne Whalley	Actor
Stephen Furst	Actor
Susan Doukas	Actor
Mary Gibbs	Actor
Conway Tearle	Actor
Kevin Pollak	Actor
Jesse Metcalfe	Actor
Antonia San Juan	Actor
David Allen Brooks	Actor
Michael Fassbender	Actor
Michael-Leon Wooley	Actor
Lara Flynn Boyle	Actor
Fran√ßois Truffaut	Actor
Sheena Horne	Actor
Chiwetel Ejiofor	Actor
John Gilbert	Actor
Jacqueline Bisset	Actor
Spalding Gray	Actor
Chris Penn	Actor
Jacki Weaver	Actor
Christine Cavanaugh	Actor
Brandon Lee	Actor
Glynis Johns	Actor
Charles Chaplin	Actor
Mark Holton	Actor
Doris Day	Actor
Bobby Block	Actor
Devon Aoki	Actor
John Houseman	Actor
Chico Marx	Actor
Nia Peeples	Actor
Ashley Tisdale	Actor
Gail Strickland	Actor
Stan Alexander	Actor
Kristen Wiig	Actor
Michael Caine	Actor
Patricia Wettig	Actor
Alicia Witt	Actor
Michael Maloney	Actor
Greg Levine	Actor
Haley Joel Osment	Actor
Kurt Russell	Actor
Brian Howe	Actor
Anton Walbrook	Actor
Tao Okamoto	Actor
Adam Bryant	Actor
Tim Meadows	Actor
Jeroen Krabb√©	Actor
Derek Jacobi	Actor
Paul Winfield	Actor
Patcharawan Patarakijjanon	Actor
Tung Cho 'Joe' Cheung	Actor
LeVar Burton	Actor
Josh Albee	Actor
Loral Langemeier	Actor
Joshua Leonard	Actor
Kelly Lynch	Actor
Alan Badel	Actor
Barret Oliver	Actor
Daniel Day-Lewis	Actor
Bo Hopkins	Actor
Scott Neustadter	Actor
Cher	Actor
Charlie Korsmo	Actor
Unsh√¥ Ishizuka	Actor
Tony Cox	Actor
Rebel Wilson	Actor
Benjamin Bratt	Actor
Patrick McGoohan	Actor
Maxwell Caulfield	Actor
Ann Sothern	Actor
Takahiro Sakurai	Actor
Klaus Wennemann	Actor
G.W. Bailey	Actor
Douglas Silva	Actor
Jamie Gillis	Actor
Uma Thurman	Actor
Deborah Foreman	Actor
Ed Begley Jr.	Actor
Richard Attenborough	Actor
Wok-suk Song	Actor
Sean Bean	Actor
Diego Sieres	Actor
Dick Emery	Actor
Ken Jeong	Actor
Julie London	Actor
Keke Palmer	Actor
G√ºnther Kaufmann	Actor
Neil Maskell	Actor
Michael Moore	Actor
Phellipe Haagensen	Actor
Wesley Addy	Actor
Louw Verwey	Actor
Harry Guardino	Actor
Jessica Simpson	Actor
Thomas Sadoski	Actor
Judi West	Actor
Cliff Robertson	Actor
Dionne Quan	Actor
Kate Blumberg	Actor
Susumu Fujita	Actor
Malik Yoba	Actor
Eugene Hutz	Actor
Molly Shannon	Actor
James Robinson	Actor
Jay Brazeau	Actor
Erik Stolhanske	Actor
Joan Allen	Actor
Alicia Vikander	Actor
Faye Wong	Actor
Jessie Kamm	Actor
Brian Deacon	Actor
Leslie Cheung	Actor
Chris Sanders	Actor
Denis O'Hare	Actor
Lorne Greene	Actor
Kaye Ballard	Actor
Lucas Papaelias	Actor
Ed Gale	Actor
Peggy Dow	Actor
Yaphet Kotto	Actor
Guillermo D√≠az	Actor
Garret Dillahunt	Actor
Courteney Cox	Actor
Johanna Falls	Actor
Miles Fisher	Actor
Kirsten Storms	Actor
Bryan Anthony	Actor
Ian McNeice	Actor
Oliver Platt	Actor
Eric Idle	Actor
Chopper Bernet	Actor
Anna Chancellor	Actor
Rob Brydon	Actor
Julio Oscar Mechoso	Actor
Alan Baxter	Actor
Eric Christian Olsen	Actor
Owen Wilson	Actor
J. Smith-Cameron	Actor
Piper Perabo	Actor
Biff McGuire	Actor
Naomi Watts	Actor
David Irving	Actor
Chris Elliott	Actor
Tomokazu Seki	Actor
Lyle Waggoner	Actor
Don Pedro Colley	Actor
Khalid Abdalla	Actor
Cara Seymour	Actor
Jessica Biel	Actor
Gwyneth Paltrow	Actor
Lori Petty	Actor
Antonio Mendoza	Actor
Tyne Daly	Actor
Brendan Fraser	Actor
Howard Da Silva	Actor
Michael Keaton	Actor
Leo McKern	Actor
Guy Pearce	Actor
Nic Ratner	Actor
Keye Luke	Actor
Amanda Plummer	Actor
Jean Seberg	Actor
Julia Louis-Dreyfus	Actor
Aaron Taylor-Johnson	Actor
Lorna Luft	Actor
Nichelle Nichols	Actor
Phoebe Cates	Actor
Kevin Bernhardt	Actor
Malin Akerman	Actor
Peggy Cummins	Actor
Maeve McGrath	Actor
J.D. Cannon	Actor
Will Geer	Actor
Manuela Gourary	Actor
Romolo Valli	Actor
Noah Hathaway	Actor
Warren Beatty	Actor
Lisanne Falk	Actor
Amanda Bynes	Actor
Lee Meriwether	Actor
Thomas F. Wilson	Actor
Stephanie Beacham	Actor
Tobias Mehler	Actor
Idris Elba	Actor
Chris Farley	Actor
John Mahoney	Actor
Courtney Halverson	Actor
Xander Berkeley	Actor
Wendell Corey	Actor
Steven Weber	Actor
Miriam Hopkins	Actor
Ashley Eckstein	Actor
Gustavo S√°nchez Parra	Actor
Taye Diggs	Actor
Christopher Knights	Actor
Ruth Chatterton	Actor
Patrick Mofokeng	Actor
Andrew Robinson	Actor
Allison Bills	Actor
Michael Bowen	Actor
Bill Milner	Actor
Jana Hrabetova	Actor
Harvey Atkin	Actor
Jonathan Pryce	Actor
Paul Giamatti	Actor
Jason Raize	Actor
Michael Broderick	Actor
Teri Garr	Actor
Leehom Wang	Actor
Robert Capron	Actor
Valerie Hobson	Actor
Nathalie Baye	Actor
Jimmy Cliff	Actor
Wiley Wiggins	Actor
Travis Tedford	Actor
George Wendt	Actor
Raoul Bova	Actor
Elizabeth Pe√±a	Actor
Lolita Davidovich	Actor
Elizabeth Moody	Actor
David Arquette	Actor
Thora Birch	Actor
Jim Broadbent	Actor
Sara Foster	Actor
Pedro Armend√°riz	Actor
Bijou Phillips	Actor
Linda Fiorentino	Actor
Jamie Kennedy	Actor
Phil Daniels	Actor
Hanns Zischler	Actor
Kanye West	Actor
Deborah Theaker	Actor
Tuesday Weld	Actor
Tim Robbins	Actor
Louis Merrill	Actor
Jake Abel	Actor
Seamus Davey-Fitzpatrick	Actor
John Allen Nelson	Actor
Tracy Reed	Actor
Salvador Allende	Actor
John Heard	Actor
Chartchai Ngamsan	Actor
Dustin Hoffman	Actor
Doug McGrath	Actor
Josh Gad	Actor
Matthew Josten	Actor
Amanda Crew	Actor
Wayne Federman	Actor
Charles Grodin	Actor
Russell Brand	Actor
Michael Feast	Actor
Paul Cicero	Actor
Michael Rapaport	Actor
Mary Murphy	Actor
Howie Mandel	Actor
Noah Taylor	Actor
Kyle Gass	Actor
Jeffrey Garcia	Actor
Jeff Fahey	Actor
Greyson Chadwick	Actor
Rafi Gavron	Actor
Shari Hall	Actor
Hugh Gormley	Actor
Yasmine Bleeth	Actor
Halina Reijn	Actor
Al Freeman Jr.	Actor
Julianne Moore	Actor
Patricia Neal	Actor
Romany Malco	Actor
Steve Guttenberg	Actor
Polly Adams	Actor
Laura Monaghan	Actor
Tak Sakaguchi	Actor
Ming-Na Wen	Actor
Kyla Pratt	Actor
Taliesin Jaffe	Actor
Alfred Lutter III	Actor
Raymond Massey	Actor
Henry Daniell	Actor
Jack McBrayer	Actor
Julia West	Actor
Fred Gwynne	Actor
Joe Jonas	Actor
Chizuru Ikewaki	Actor
Hilary Swank	Actor
Cameron Diaz	Actor
Paul Sorvino	Actor
Michael Beck	Actor
Christopher Atkins	Actor
Fran√ßois L√©tourneau	Actor
Mandy Patinkin	Actor
Tushka Bergen	Actor
Judi Dench	Actor
Edward Burns	Actor
Aaron Ruell	Actor
Alfonso Arau	Actor
Christian Slater	Actor
Bebe Neuwirth	Actor
Powers Boothe	Actor
Paul Le Mat	Actor
Lesley-Anne Down	Actor
Elizabeth Ashley	Actor
Mitsuo Iwata	Actor
Leonor Varela	Actor
Howard Lloyd-Lewis	Actor
Stephen Tompkinson	Actor
Akiko Takeshita	Actor
William Shatner	Actor
Stephanie Beatriz	Actor
Ari Graynor	Actor
Mary Gross	Actor
Allen Payne	Actor
Martin Balsam	Actor
Julianne Hough	Actor
Shari Albert	Actor
Amanda Detmer	Actor
Cal Robertson	Actor
Claude Rains	Actor
Mercedes Mor√°n	Actor
Terri Hall	Actor
Jessie Royce Landis	Actor
Dick Clark	Actor
David Carey	Actor
Tae-hyun Cha	Actor
Penelope Ann Miller	Actor
Mary Alice	Actor
Robert Rusler	Actor
Martin Lawrence	Actor
Brid Brennan	Actor
Vincent D'Onofrio	Actor
Jason Segel	Actor
Ben Stiller	Actor
Moses Gunn	Actor
Guy Massey	Actor
Sunny Besen Thrasher	Actor
CCH Pounder	Actor
Yoshihiko Hakamada	Actor
Jane Wyman	Actor
Bob Holt	Actor
Patric Knowles	Actor
Roy Gordon	Actor
Silvia Tortosa	Actor
Geoff Bell	Actor
Nat Faxon	Actor
Richard Cansino	Actor
Nicholas Clay	Actor
Tate Donovan	Actor
Dana Hill	Actor
Dorsey Wright	Actor
Byung-hun Lee	Actor
Robert Englund	Actor
Jenna Dewan Tatum	Actor
Aaron Murphy	Actor
Wes Bentley	Actor
Patti D'Arbanville	Actor
Danny Aiello	Actor
Paul Baker	Actor
Marisa Coughlan	Actor
John Hines	Actor
Patricia Clarkson	Actor
Dalia Hern√°ndez	Actor
Lambert Wilson	Actor
Robert Jan Van Pelt	Actor
Sarah Michelle Gellar	Actor
Jason Bateman	Actor
Amy Madigan	Actor
Steve Buscemi	Actor
Katie Holmes	Actor
Omar Sharif	Actor
Jack Warden	Actor
Rafe Spall	Actor
Steve Zahn	Actor
Morena Baccarin	Actor
Bob Balaban	Actor
Robbie Coltrane	Actor
Lee Evans	Actor
Richard S. Castellano	Actor
James Franco	Actor
Joe Piscopo	Actor
Rudy Basquez	Actor
John Meillon	Actor
Marques Houston	Actor
Jim Sturgess	Actor
Stanley Holloway	Actor
Walter Catlett	Actor
Ben Miller	Actor
Jack Palance	Actor
Mickey Cottrell	Actor
John Forsythe	Actor
Julie Sommars	Actor
Paul Anderson	Actor
Caroline Leuchter	Actor
Ping Lam Siu	Actor
Buck Henry	Actor
Walter Levine	Actor
Zooey Deschanel	Actor
Sidney Poitier	Actor
Noel Appleby	Actor
Marion Busia	Actor
Mathieu Amalric	Actor
Ken Leung	Actor
Richard Ridings	Actor
Irving Metzman	Actor
Stella De Lanti	Actor
Tianna Sansbury	Actor
John Randolph	Actor
Herman Bing	Actor
Dennis Liu	Actor
Wendy Glenn	Actor
Mariel Hemingway	Actor
Art Carney	Actor
Mark Collie	Actor
Michael Palin	Actor
Jim Cummings	Actor
Brandon T. Jackson	Actor
Daniel Studi	Actor
Mimi Rogers	Actor
Wallace Beery	Actor
Julianna Guill	Actor
Gemma Jones	Actor
Catherine Battistone	Actor
Jake Lloyd	Actor
Hayden Panettiere	Actor
Greyson Erik Pendry	Actor
Sarah Manninen	Actor
Nick Chinlund	Actor
Peter Dante	Actor
Jay Chou	Actor
Leslie Bibb	Actor
Val Kilmer	Actor
Jeff Bridges	Actor
Kristin Rudr√ºd	Actor
Jimmy Fallon	Actor
Jake Weber	Actor
Joy Behar	Actor
Herbert W. Ankrom	Actor
William Bendix	Actor
Chintara Sukapatana	Actor
Christina Cole	Actor
Al Foster	Actor
Andrew Garfield	Actor
John Witherspoon	Actor
Alfie Bass	Actor
Nina van Pallandt	Actor
DeForest Kelley	Actor
Nick Krause	Actor
Desmond Harrington	Actor
Terry Potter	Actor
Sigourney Weaver	Actor
Cynthia Myers	Actor
Anna Bolt	Actor
Dax Shepard	Actor
Gene Saks	Actor
Bette Midler	Actor
Andrew McCarthy	Actor
Paula Cale	Actor
Albert Dekker	Actor
Chris Rock	Actor
Ron Rifkin	Actor
Michele Abrams	Actor
In-mun Kim	Actor
Viveca Lindfors	Actor
Ruth Warrick	Actor
Chieko Misaka	Actor
Martin Walsh	Actor
Emiliano Guerra	Actor
Gail Patrick	Actor
Stephen Rea	Actor
Daniel Br√ºhl	Actor
Hector Avalos	Actor
Helen Vinson	Actor
Carl Snell	Actor
David Thewlis	Actor
Regina King	Actor
Cheryl Chase	Actor
Colm Meaney	Actor
Rosario Dawson	Actor
David Bedella	Actor
Rhea Perlman	Actor
Claire Danes	Actor
Eric Haberman	Actor
Sheetal Sheth	Actor
J√ºrgen Prochnow	Actor
Alice Eve	Actor
Danielle Panabaker	Actor
Deepak Chopra	Actor
Richard Crenna	Actor
Billy Ray Cyrus	Actor
Everlyn Sampi	Actor
Lea Thompson	Actor
Tyra Ferrell	Actor
Yasiin Bey	Actor
Matthew Bohrer	Actor
Will Smith	Actor
Jim Wilkey	Actor
Nicola Peltz	Actor
Daniel Baldwin	Actor
Katharine Isabelle	Actor
Kyle Howard	Actor
Rica Matsumoto	Actor
Aliya	Actor
N/A	Actor
Kim Basinger	Actor
Taylor Swift	Actor
Angelina Jolie	Actor
Shenae Grimes-Beech	Actor
Chris Miller	Actor
Ernie Hudson	Actor
Khulan Chuluun	Actor
Christina Ricci	Actor
Gabriel Jarret	Actor
Kate Lynch	Actor
Hugh Grant	Actor
Robert Craighead	Actor
Lana Wood	Actor
Ailidh Mackay	Actor
Jeremy Robson	Actor
Jason Biggs	Actor
Terry Crews	Actor
Shelley Duvall	Actor
Jennifer Coolidge	Actor
A.J. Cook	Actor
Jean Louisa Kelly	Actor
Lillian Adams	Actor
Carrie-Anne Moss	Actor
Leonard Nimoy	Actor
Annie Grindlay	Actor
Atossa Leoni	Actor
Jim Brown	Actor
Ben Affleck	Actor
Johnathon Schaech	Actor
Philip Chan	Actor
Sharman Joshi	Actor
Richard McCabe	Actor
Phil Harris	Actor
Michael Shannon	Actor
Doug Bradley	Actor
Masam Holden	Actor
Kevin Costner	Actor
David Milford	Actor
Julie Kavner	Actor
Frank Welker	Actor
Katherine Helmond	Actor
Tina Fey	Actor
Marcel Iures	Actor
Kanin Howell	Actor
Sally Field	Actor
P.J. Soles	Actor
Ayelet Kaznelson	Actor
Peter Firth	Actor
Jonathan Haze	Actor
Rachel Ticotin	Actor
Kate Beckinsale	Actor
Jason Marsden	Actor
Jason Statham	Actor
Dwight Yoakam	Actor
Maaya Sakamoto	Actor
Masasa Moyo	Actor
Amy Robinson	Actor
Beyonc√© Knowles	Actor
Josephine Hull	Actor
Carlos Montalb√°n	Actor
Campbell Scott	Actor
Gilbert Gottfried	Actor
Dolly Sharp	Actor
Elise Neal	Actor
Jeremy London	Actor
Melanie Chartoff	Actor
Chlo√´ Sevigny	Actor
Robyn Lively	Actor
Shaun Toub	Actor
Mary Kay Place	Actor
Jasmine Woods	Actor
Michael Rosenbaum	Actor
Costas Mandylor	Actor
Edie Adams	Actor
Glover Gill	Actor
Jane Pfitsch	Actor
Jill Clayburgh	Actor
Ryan Phillippe	Actor
Meredith MacNeill	Actor
Ellie Raab	Actor
Chief Dan George	Actor
Lloyd Adams	Actor
Steve Whitmire	Actor
Kristen Connolly	Actor
Sal Lopez	Actor
Anna Popplewell	Actor
Michael Ironside	Actor
Carla Quevedo	Actor
Adam Baldwin	Actor
Michael Murphy	Actor
Charles Lane	Actor
Nicholas Tucci	Actor
Kelsey Grammer	Actor
Bill Barretta	Actor
Scott Bigelow	Actor
Soon-Tek Oh	Actor
Brenda Vaccaro	Actor
Ian McKellen	Actor
Paul Benedict	Actor
Ellen Sandweiss	Actor
Laura Johnson	Actor
Steven Berkoff	Actor
Peter Feeney	Actor
Jordana Brewster	Actor
Chad R. Davis	Actor
John Glover	Actor
Adam Devine	Actor
Ilan Pappe	Actor
Kathleen Wilhoite	Actor
Bruce Bennett	Actor
Audrey Tautou	Actor
Andrew Hampton	Actor
Bob Marley	Actor
Herbert Lom	Actor
Burt Kwouk	Actor
David Strathairn	Actor
Virginia McCollam	Actor
Teresa Wright	Actor
Benjamin C. Bradlee	Actor
Eileen Atkins	Actor
Raquel Gardner	Actor
Jonathan Safran Foer	Actor
Adam Garcia	Actor
Steve Coogan	Actor
George Lee	Actor
Ashley Boettcher	Actor
Lionel Stander	Actor
Heather Locklear	Actor
Meagan Issa	Actor
Vera Farmiga	Actor
Tyler Hoechlin	Actor
Valentin Teodosiu	Actor
Dennis Price	Actor
Maggie Gyllenhaal	Actor
Brooke Bundy	Actor
Jim Belushi	Actor
Lionel Barrymore	Actor
Craig Bierko	Actor
Mariette Hartley	Actor
Catherine Zeta-Jones	Actor
Roscoe Karns	Actor
Rick Rossovich	Actor
Noelle Parker	Actor
Dame May Whitty	Actor
Arthur Lowe	Actor
Richard T. Jones	Actor
Mitch Cohen	Actor
Johnny Depp	Actor
Groucho Marx	Actor
James Fleet	Actor
Tadanobu Asano	Actor
Simon Callow	Actor
Robin Wright	Actor
George Rose	Actor
George W. Bush	Actor
Burgess Meredith	Actor
Julie Delpy	Actor
Leo Genn	Actor
John Belushi	Actor
Reed Hadley	Actor
Jenny Agutter	Actor
Phillip Glasser	Actor
Cylk Cozart	Actor
Stanley Beck	Actor
Ji-tae Yu	Actor
Freddie Jones	Actor
Roxanne Hart	Actor
Daniel Hansen	Actor
Michael Biehn	Actor
Pablo Rago	Actor
Austin Lysy	Actor
Julie Walters	Actor
Robert Sean Leonard	Actor
James Arnold Taylor	Actor
Matthew Goode	Actor
Scott Speedman	Actor
Lisa Thoreson	Actor
Adam Pascal	Actor
Tim Roth	Actor
Kazunari Ninomiya	Actor
Odessa Rae	Actor
Kevin James	Actor
Supakorn Kitsuwon	Actor
Kenneth Mars	Actor
Hugh Jackman	Actor
Tony √?lvarez	Actor
Perrey Reeves	Actor
Zachery Ty Bryan	Actor
Henry Edwards	Actor
Donald Faison	Actor
Michael Sheen	Actor
Andre Braugher	Actor
Emily Barclay	Actor
Patrick Horgan	Actor
John Buckwalter	Actor
AJ Bowen	Actor
Adam Fortner	Actor
Zachary Levi	Actor
Alan Davies	Actor
James Mason	Actor
Katharine Hepburn	Actor
Kevin Peter Hall	Actor
Andrea James	Actor
William Hudson	Actor
Cole Hauser	Actor
Kevin Spacey	Actor
Felicity Huffman	Actor
Rub√©n Blades	Actor
Martin Gabel	Actor
Stan Collymore	Actor
Josh Hartnett	Actor
Juliette Danielle	Actor
Sara Paxton	Actor
Naseeruddin Shah	Actor
Danny McBride	Actor
Julia Roberts	Actor
Sheila Darcy	Actor
Christopher Shyer	Actor
Sarah Roemer	Actor
Priscilla Lane	Actor
Jemaine Clement	Actor
Jonathan Brandis	Actor
Annie Potts	Actor
Kim Novak	Actor
Tory Mussett	Actor
Glenda Farrell	Actor
Marilyn Ghigliotti	Actor
Bill Sage	Actor
Bailey Spry	Actor
Kevin Bacon	Actor
Brandt Wille	Actor
Jeffrey Jones	Actor
H.B. Halicki	Actor
Francis Capra	Actor
Haim Topol	Actor
Edward Herrmann	Actor
Mary McCormack	Actor
Kelly Preston	Actor
Bud Abbott	Actor
Ben Platt	Actor
Madison Pettis	Actor
Shelley Hack	Actor
Rider Strong	Actor
Amy Poehler	Actor
Hayley Kiyoko	Actor
Stephen Dorff	Actor
Albert Hall	Actor
Nigel Bruce	Actor
Christopher Campbell	Actor
John Bilezikjian	Actor
James Gandolfini	Actor
Andy Samberg	Actor
Gabriel Byrne	Actor
Emily Blunt	Actor
Klaus Kinski	Actor
Kurtwood Smith	Actor
Barbra Streisand	Actor
Harriet Walter	Actor
Michael Badalucco	Actor
Tony Roberts	Actor
Hope Davis	Actor
Max Schreck	Actor
Scott Mosier	Actor
Freddie Highmore	Actor
Louise Lemoine Torr√®s	Actor
Maurice Page	Actor
Don Alder	Actor
Jay Ferguson	Actor
Sacha Baron Cohen	Actor
Orson Welles	Actor
Miguel A. N√∫√±ez Jr.	Actor
Alonzo Brown	Actor
Patton Oswalt	Actor
Pierre Renoir	Actor
Katie Mackey	Actor
Nancy Travis	Actor
Fr√©d√©ric Diefenthal	Actor
Robert Cornthwaite	Actor
Mike Vitar	Actor
Fionnula Flanagan	Actor
Judith Scott	Actor
Linda Larkin	Actor
Tamala Jones	Actor
Charlie Tahan	Actor
Diane Ladd	Actor
Thomas Lennon	Actor
Ray Walston	Actor
Dominic West	Actor
Christine Elise	Actor
Jordan Christian Hearn	Actor
Henry Hull	Actor
Nicky Guadagni	Actor
Robin Atkin Downes	Actor
Peter Sellers	Actor
Elle Macpherson	Actor
Lamberto Maggiorani	Actor
Dorothy Short	Actor
Viveca Paulin	Actor
Salma Hayek	Actor
Lisa Wilcox	Actor
Eugene Collier	Actor
Jonathan Penner	Actor
Tom Hulce	Actor
Lena Olin	Actor
Richard Lane	Actor
Helen Mirren	Actor
Mark Rydell	Actor
Bill Nighy	Actor
Derek Jeter	Actor
The Beatles	Actor
Sally Kellerman	Actor
Rosemary Murphy	Actor
Del Negro	Actor
Mickey Rourke	Actor
Dana Ivey	Actor
Jessica Lucas	Actor
Bruce Willis	Actor
Lucy Liu	Actor
Charles Laughton	Actor
Frank Albertson	Actor
Ernest Torrence	Actor
Arthur Peterson	Actor
Nathan Jones	Actor
Sara Kestelman	Actor
Noomi Rapace	Actor
Lil Dagover	Actor
Chris Evans	Actor
Cherie Lunghi	Actor
Friedrich Feher	Actor
Herbert Gr√∂nemeyer	Actor
Kitty Winn	Actor
Maria Conchita Alonso	Actor
Sean Hayes	Actor
Todd Louiso	Actor
Danny Burstein	Actor
Shea Whigham	Actor
Han Chang	Actor
Michael A. Grimm	Actor
Elizabeth Lawrence	Actor
Max Minghella	Actor
Judith Anderson	Actor
Richard Jenkins	Actor
Lucille Bliss	Actor
Elina L√∂wensohn	Actor
Dwight Henry	Actor
Tessh√¥ Genda	Actor
Patrick Cronen	Actor
Katrin Cartlidge	Actor
Tsuyoshi Ihara	Actor
Strother Martin	Actor
Leslie Zemeckis	Actor
Rosetta LeNoire	Actor
Chris Murphy	Actor
Ossie Davis	Actor
Ayelet Zurer	Actor
Khary Payton	Actor
Richard Burgi	Actor
Alima Ashton-Sheibu	Actor
Kenji Matsuda	Actor
Hyde	Actor
Dave Goelz	Actor
Michael McShane	Actor
Jonathan Boulden	Actor
Rena Owen	Actor
Gabriel Macht	Actor
Gino Saltamerenda	Actor
Luigi Pistilli	Actor
Manner Washington	Actor
Tim Ivey	Actor
Tom Georgeson	Actor
William Finley	Actor
Zachary Mabry	Actor
Ingrid Bergman	Actor
Leslie Ash	Actor
Aurora Perrineau	Actor
Tara Fitzgerald	Actor
Richard Griffiths	Actor
Ted Knight	Actor
Chris Messina	Actor
Sean Young	Actor
Gene Kelly	Actor
John Barrymore	Actor
Omar Epps	Actor
Jaime Pressly	Actor
Geoffrey Rush	Actor
Mayumi Iizuka	Actor
Noah Beery	Actor
Robert Walden	Actor
Patrick Van Horn	Actor
Peter Weller	Actor
Tim DeKay	Actor
Nancy Allen	Actor
Paul Rhys	Actor
Barbara Luddy	Actor
Jackie Joseph	Actor
Margot Leicester	Actor
Alyson Court	Actor
Vanessa Angel	Actor
Virginia Madsen	Actor
Anna Kendrick	Actor
Matt Stone	Actor
James Hong	Actor
Zach Galifianakis	Actor
Peter Sarsgaard	Actor
Aaliyah	Actor
Darren McGavin	Actor
Bill Murray	Actor
Zena Grey	Actor
John Alderton	Actor
Jay Thomas	Actor
George C. Wolfe	Actor
Catlin Adams	Actor
Shane West	Actor
Lloyd Avery II	Actor
Stephen W. Burns	Actor
Dennis Christopher	Actor
Robert Downey Jr.	Actor
Alexandre Rodrigues	Actor
David Ogden Stiers	Actor
James Garner	Actor
Diane Varsi	Actor
Peter Atkins	Actor
Ben Barnes	Actor
Tom Hardy	Actor
Vanessa Redgrave	Actor
Dina Meyer	Actor
Andrew Fraser	Actor
Mami Koyama	Actor
Eve Arden	Actor
Tobin Bell	Actor
Annabeth Gish	Actor
Steven Keats	Actor
Anthony Quayle	Actor
Rorke Denver	Actor
Simon Kunz	Actor
Kenneth Craig	Actor
Alexander Godunov	Actor
William Richert	Actor
James Gleason	Actor
Newt Gingrich	Actor
Henry Czerny	Actor
J.A. Preston	Actor
Elijah Smith	Actor
Leif Tilden	Actor
Debra Winger	Actor
Dragos Bucur	Actor
Molly Picon	Actor
Dane DeHaan	Actor
Dennis Lafond	Actor
Scott Adsit	Actor
Tom Guiry	Actor
Helen Hunt	Actor
Vanessa Lachey	Actor
Paige Turco	Actor
Jeff Kahn	Actor
Robert Romanus	Actor
Terry Bradshaw	Actor
Steven O'Donnell	Actor
Jane Fonda	Actor
Jesse McCartney	Actor
Uwe Mansshardt	Actor
Ed O'Ross	Actor
John Franklin	Actor
Jean-Marc Barr	Actor
Sala Baker	Actor
Glenn Gilger	Actor
Cliff Curtis	Actor
George Sanders	Actor
Juliette Binoche	Actor
Stuart Pankin	Actor
Charlotte Rampling	Actor
Ken Stott	Actor
Albert Finney	Actor
Michael Strong	Actor
Embeth Davidtz	Actor
Julie Bowen	Actor
Hamilton Camp	Actor
John Michael Higgins	Actor
Ray Milland	Actor
Connor Funk	Actor
Mel Gibson	Actor
Jason Lee	Actor
Jessica Kirschner	Actor
Liam Aiken	Actor
Jack Hawkins	Actor
Sarah Burns	Actor
Jim McManus	Actor
Doug Jones	Actor
Suzanne Snyder	Actor
Pete O'Herne	Actor
Andree Maranda	Actor
Maia Morgenstern	Actor
Steven Bauer	Actor
Robert Wagner	Actor
John Shea	Actor
Daniel Knop	Actor
Samantha Mathis	Actor
Sidney James	Actor
Kareena Kapoor	Actor
Reginald VelJohnson	Actor
Cliff Gorman	Actor
Cuba Gooding Jr.	Actor
Reese Witherspoon	Actor
J-Boog	Actor
Jose Pablo Cantillo	Actor
Leslie Mann	Actor
Richard Strange	Actor
Lucas Black	Actor
Jodie Foster	Actor
Hudhail Al-Amir	Actor
Parminder Nagra	Actor
Jason Schwartzman	Actor
Reed Howes	Actor
Viggo Mortensen	Actor
Hubert Kound√©	Actor
Lucy Davis	Actor
Chad Michael Murray	Actor
Susan Lowe	Actor
Michael Raysses	Actor
Geoffrey Blake	Actor
Michael J. Fox	Actor
Jurnee Smollett-Bell	Actor
Michael Donovan O'Donnell	Actor
Connie Mason	Actor
Eliza Bennett	Actor
Kent Smith	Actor
Will Oldham	Actor
Isaiah Stone	Actor
Roberto Mart√≠n M√°rquez	Actor
Jake Gyllenhaal	Actor
Cary Elwes	Actor
Honglei Sun	Actor
Jon Lovitz	Actor
Sayed Jafar Masihullah Gharibzada	Actor
Max von Sydow	Actor
Karen Taylor	Actor
Dennis Dun	Actor
Mia Wasikowska	Actor
Roberta Maxwell	Actor
Ving Rhames	Actor
Taylor Nichols	Actor
Jasmine Guy	Actor
Mischa Auer	Actor
Conner Rayburn	Actor
Mike O'Brian	Actor
Janeane Garofalo	Actor
Pamela Reed	Actor
Phil Spector	Actor
John Hannah	Actor
Chris Eigeman	Actor
Alex Rocco	Actor
Richard Roundtree	Actor
Joe Don Baker	Actor
Carmen Electra	Actor
James Paxton	Actor
Common	Actor
Mary Elizabeth Winstead	Actor
George Burns	Actor
Matt Bomer	Actor
Toshir√¥ Mifune	Actor
Fisher Stevens	Actor
Aaron Stanford	Actor
Debbie Harry	Actor
Michael Kelly	Actor
Geraldine Hughes	Actor
Djimon Hounsou	Actor
Terry Notary	Actor
Angus Macfadyen	Actor
Benedict Cumberbatch	Actor
Tom Helmore	Actor
Charlie Hunnam	Actor
Ben Cross	Actor
Barbara Hershey	Actor
Sebastian Cabot	Actor
Milo O'Shea	Actor
Billy Green Bush	Actor
Michael Angarano	Actor
Clifton James	Actor
Donald O'Connor	Actor
Bruce Campbell	Actor
Corey Feldman	Actor
John Candy	Actor
Wanda Bursey	Actor
Catherine McCormack	Actor
Raul Julia	Actor
Hardy Kr√ºger	Actor
Thibault Verhaeghe	Actor
Hideo Sakaki	Actor
Finola Hughes	Actor
Kristen Stewart	Actor
Maureen Teefy	Actor
Martin Short	Actor
William Petersen	Actor
Meg Tilly	Actor
Kevin Sorbo	Actor
Sheb Wooley	Actor
Jonathan Taylor Thomas	Actor
John Carradine	Actor
Courtney Thorne-Smith	Actor
Chuck Connors	Actor
Dom DeLuise	Actor
Sasha Pieterse	Actor
Brian Tyler	Actor
Frank DeKova	Actor
Sid Caesar	Actor
Vinessa Shaw	Actor
Moises Arias	Actor
Jeff Anderson	Actor
Kate Bosworth	Actor
Nils Poppe	Actor
Harry Reems	Actor
Joel Edgerton	Actor
Mongo Brownlee	Actor
Marco Romano	Actor
Marie Richardson	Actor
Jenica Bergere	Actor
Elizabeth Mitchell	Actor
Michelle Williams	Actor
Asia Argento	Actor
Stellan Skarsg√•rd	Actor
William Daniels	Actor
Steve Antin	Actor
Ione Skye	Actor
Ray Anthony	Actor
Orlando Jones	Actor
Zhi Hua Dong	Actor
Wendy Makkena	Actor
Eileen Pedde	Actor
Raymond J. Barry	Actor
Nina Dobrev	Actor
Meaghan Martin	Actor
Rosie Perez	Actor
Clare Higgins	Actor
Maureen Stapleton	Actor
Jay Mohr	Actor
Buddy Hackett	Actor
George Segal	Actor
Walter Pidgeon	Actor
Bill Farmer	Actor
Gerard Butler	Actor
Martin Roach	Actor
Elpidia Carrillo	Actor
Paul Lukas	Actor
Arletty	Actor
Ryan O'Donohue	Actor
Melissa McCarthy	Actor
Helena Bonham Carter	Actor
Scott Patterson	Actor
Skye McCole Bartusiak	Actor
Paul Frees	Actor
Jackie Chan	Actor
Howard Morris	Actor
Dave Foley	Actor
Josh Ackerman	Actor
Virginia Dale	Actor
Reva Rose	Actor
John Malkovich	Actor
Rose Byrne	Actor
Gena Rowlands	Actor
Kay E. Kuter	Actor
Myrna Loy	Actor
Monica Potter	Actor
Patrick Macnee	Actor
Michael Douglas	Actor
Ed Lauter	Actor
Antonio Banderas	Actor
Rachel Weisz	Actor
David Paetkau	Actor
David McKnight	Actor
Emmanuelle Chriqui	Actor
Troy Garity	Actor
John Saxon	Actor
Scott Bakula	Actor
LL Cool J	Actor
Michael Chance	Actor
Alberto de Mendoza	Actor
Lyn Bolton	Actor
Christian Baucher	Actor
Aleksandar Mikic	Actor
Jason Earles	Actor
Gerald McRaney	Actor
Carl Weathers	Actor
Burt Lancaster	Actor
Lara Robinson	Actor
Bruno Kirby	Actor
Michael Vartan	Actor
Jackie Sandler	Actor
Michelle Horn	Actor
Kenneth Branagh	Actor
Marisa Berenson	Actor
Sandra Bullock	Actor
Joanna 'JoJo' Levesque	Actor
Lou Costello	Actor
Bob Hoskins	Actor
Lloyd Bridges	Actor
Max Casella	Actor
Barry Primus	Actor
Eugene Cordero	Actor
Lyle Talbot	Actor
Dermot Mulroney	Actor
David Warner	Actor
Steve Forrest	Actor
Jeremy Sylvers	Actor
Ted Wass	Actor
Susan Blackwell	Actor
Sarah Silverman	Actor
Edgar Ram√≠rez	Actor
Eleanor Bron	Actor
James Spader	Actor
Lillian Gish	Actor
Jeff Bennett	Actor
Andrew Kevin Walker	Actor
Donna Reed	Actor
Marley Shelton	Actor
Seth Green	Actor
Scott Adkins	Actor
Jaye Davidson	Actor
Ry√¥ Kase	Actor
Paul Austin	Actor
Sam Robards	Actor
Michael Blevins	Actor
Edward Arnold	Actor
Ellen Page	Actor
Darwyn Carson	Actor
Caroline Kava	Actor
Edith Evanson	Actor
David Tennant	Actor
Hiroyuki Sanada	Actor
Valeria Golino	Actor
Sinbad	Actor
Sean Bott	Actor
Daniel York	Actor
Will Arnett	Actor
Ann-Margret	Actor
William Moseley	Actor
Minoru Chiaki	Actor
Ian Keith	Actor
Heather Langenkamp	Actor
Christoph Waltz	Actor
Scott Weinger	Actor
Mark Barrett	Actor
Trula M. Marcus	Actor
Duncan Renaldo	Actor
Terrence Howard	Actor
Jack Carpenter	Actor
Diane Lane	Actor
Elliott Gould	Actor
Bess Armstrong	Actor
Neil Patrick Harris	Actor
Ray LePere	Actor
Diane Adelson	Actor
Dakota Fanning	Actor
Harry Melling	Actor
Peter Meadows	Actor
Rose Abdoo	Actor
Hoyt Axton	Actor
David Morse	Actor
Reinhold Aman	Actor
Connor Price	Actor
Bill Baucom	Actor
Willem Dafoe	Actor
Karl Urban	Actor
Ken Davitian	Actor
David Wenham	Actor
Stuart Luce	Actor
Chris O'Donnell	Actor
Nicoletta Braschi	Actor
Alec Guinness	Actor
Mamaengaroa Kerr-Bell	Actor
Jada Pinkett Smith	Actor
Chuck Scarborough	Actor
Walton Goggins	Actor
Ron Silver	Actor
Brad Garrett	Actor
Georges Gu√©tary	Actor
Jeff Cohen	Actor
Rowan Atkinson	Actor
Jack McDonald	Actor
Estelle Eonnet	Actor
Rainn Wilson	Actor
Mads Mikkelsen	Actor
Louise Lasser	Actor
Diana Hardcastle	Actor
Borah Silver	Actor
Ginger Rogers	Actor
Cedric the Entertainer	Actor
Benita Barrie	Actor
David Tom	Actor
Gabriele Ferzetti	Actor
Gregory Peck	Actor
Alec Baldwin	Actor
Richard Mulligan	Actor
Otto Sander	Actor
Hadley Kay	Actor
Neve Campbell	Actor
Tess Harper	Actor
Daniel Stern	Actor
Scott Glenn	Actor
Bela Lugosi	Actor
Carol Lynley	Actor
Jaden Smith	Actor
Travis Fine	Actor
Ray Galletti	Actor
Jae Mamuyac	Actor
Tal Bachman	Actor
Rawle D. Lewis	Actor
Sully Boyar	Actor
Mira Sorvino	Actor
Kevin McKidd	Actor
Patrick Fugit	Actor
Blayne Weaver	Actor
Stephanie Moore	Actor
David Kuhn	Actor
Junius Matthews	Actor
Tom Wilkinson	Actor
Kris Eivers	Actor
Billy Dee Williams	Actor
Robert Knott	Actor
Fairuza Balk	Actor
Lee Bowman	Actor
Bob Gunton	Actor
Clare Clifford	Actor
Stacey LaBerge	Actor
Ally Walker	Actor
Tony Danza	Actor
Robert Arkins	Actor
Mary McDonnell	Actor
James Baskett	Actor
Linda Cardellini	Actor
Perry Lopez	Actor
Charles Napier	Actor
Nicole Parker	Actor
Angela Lansbury	Actor
Douglas Fairbanks Jr.	Actor
Bob Newhart	Actor
Joseph Ruskin	Actor
Nancy Welford	Actor
Charles Gray	Actor
Austin Bickel	Actor
Zolt√°n Mucsi	Actor
Ian Watkin	Actor
Mark Donovan	Actor
Richard Council	Actor
Antonio Gil	Actor
Harry Connick Jr.	Actor
Steven Bochco	Actor
Estella Warren	Actor
Emma Bell	Actor
Haruo Tanaka	Actor
Mackenzie Mowat	Actor
Johnny Galecki	Actor
Christopher Neame	Actor
Patrick de Ledebur	Actor
Peter Boyle	Actor
Michele Lee	Actor
Charles Cioffi	Actor
Kat Dennings	Actor
Zak Orth	Actor
Jerry Seinfeld	Actor
Diana Pe√±alver	Actor
Ian McDiarmid	Actor
Anna Lee	Actor
Julian Arahanga	Actor
Mike Myers	Actor
Marlene Dietrich	Actor
Roger Jackson	Actor
Livio Badurina	Actor
Cameron Richardson	Actor
Eunice Cho	Actor
Paul Sanchez	Actor
Alex Vincent	Actor
Mike White	Actor
Robert Carlyle	Actor
Marlon Brando	Actor
Sid Haig	Actor
Constance Jones	Actor
Meera Syal	Actor
Gedde Watanabe	Actor
Chris Spencer	Actor
Michael Bates	Actor
Franka Potente	Actor
Casper Van Dien	Actor
Heath Ledger	Actor
Tim Curry	Actor
Dan Harberts	Actor
Zach Mills	Actor
Gert Fr√∂be	Actor
Linda Kozlowski	Actor
Shirley Jones	Actor
Jennifer Connelly	Actor
Fran√ßois Germond	Actor
Catherine O'Hara	Actor
Elodie Yung	Actor
Jonathan Hyde	Actor
Michael Denison	Actor
David Spade	Actor
Marjorie Reynolds	Actor
Hayden Christensen	Actor
Jason Ritter	Actor
Matthew Davis	Actor
Juan Gabriel Yacuzzi	Actor
Danny Elfman	Actor
Alain Chabat	Actor
Delphine Schiltz	Actor
Breckin Meyer	Actor
Chad Lindberg	Actor
Kathy Baker	Actor
John Lazar	Actor
Oded Fehr	Actor
Martin Landau	Actor
Ki Hong Lee	Actor
Jeremy Sisto	Actor
Flora Cross	Actor
William Holden	Actor
Kodi Smit-McPhee	Actor
Pat Moore	Actor
Michael A. Goorjian	Actor
Bobb'e J. Thompson	Actor
Ed Kross	Actor
Haley Webb	Actor
Elarica Johnson	Actor
Dustin Bollinger	Actor
Wah Yuen	Actor
Enrique Murciano	Actor
Florence Kastriner	Actor
Sarah Jessica Parker	Actor
Rudolph Valentino	Actor
Thandie Newton	Actor
Bernie Mac	Actor
Michael Lerner	Actor
Aldo Giuffr√®	Actor
Mink Stole	Actor
Charles Dance	Actor
Gary Busey	Actor
Sebastian Stan	Actor
Brendan Gleeson	Actor
Robert Guillaume	Actor
Nozomu Sasaki	Actor
Jenny Slate	Actor
Diane Salinger	Actor
Anna Massey	Actor
David Aston	Actor
Jos√© Mar√≠a Yazpik	Actor
Jos√©phine Lebas-Joly	Actor
Michael Gambon	Actor
John McIntire	Actor
Doug Hutchison	Actor
Ice-T	Actor
Edward Fox	Actor
Tony Barry	Actor
Robert Stack	Actor
Henry Cavill	Actor
Burl Ives	Actor
George Kennedy	Actor
Chloe Webb	Actor
Edward James Olmos	Actor
Eva Marie Saint	Actor
Faith Ford	Actor
Nicholas D'Agosto	Actor
John Mylong	Actor
Damian Chapa	Actor
Don Steele	Actor
Jason Barry	Actor
Chuck Pfeiffer	Actor
James Booth	Actor
Kyle MacLachlan	Actor
Ed Bernard	Actor
John Ashton	Actor
Keir O'Donnell	Actor
Arthur O'Connell	Actor
Matthew Price	Actor
John Wayne	Actor
Ned Bellamy	Actor
Anne Archer	Actor
Kevin McCarthy	Actor
Joely Fisher	Actor
Gerry Becker	Actor
Chris Weber	Actor
Eriq Ebouaney	Actor
Aimee Garcia	Actor
Tatsuya Fujiwara	Actor
Dolores Fuller	Actor
Paul McCartney	Actor
Elizabeth Taylor	Actor
Bradford Dillman	Actor
Jessica Hynes	Actor
Tom Sizemore	Actor
Edward Albert	Actor
Iain Glen	Actor
Anthony Zerbe	Actor
Nick Moran	Actor
Deborah Kara Unger	Actor
Louis Eppolito	Actor
Rick Gonzalez	Actor
Tristan Rogers	Actor
Bob Griffin	Actor
Ed O'Neill	Actor
Spencer Treat Clark	Actor
Michelle Nicastro	Actor
Nick Swardson	Actor
Tom Cruise	Actor
Mia Kirshner	Actor
Charles Fleischer	Actor
Nati Abascal	Actor
Dana Wheeler-Nicholson	Actor
Miles Thompson	Actor
Rae Dawn Chong	Actor
David Schwimmer	Actor
Stephen Lang	Actor
Jo Bingham	Actor
Luis Guzm√°n	Actor
Rebecca Pidgeon	Actor
River Phoenix	Actor
Boris Karloff	Actor
Rodney A. Grant	Actor
Barret Hackney	Actor
Gene Lockhart	Actor
Jay Baruchel	Actor
Charlotte Gainsbourg	Actor
Carl Benton Reid	Actor
Kyra Sedgwick	Actor
Tony Randall	Actor
Craig Berry	Actor
D.W. Moffett	Actor
Paul Stewart	Actor
David Ryall	Actor
Gemmenne de la Pe√±a	Actor
Dave O'Brien	Actor
Joseph Cali	Actor
Eric Bana	Actor
John Benjamin Hickey	Actor
Jean Reno	Actor
Ralph Waite	Actor
Rita Wilson	Actor
Nikki Blonsky	Actor
John Call	Actor
Kurt Loder	Actor
Maury Chaykin	Actor
Walter Huston	Actor
Brittany Murphy	Actor
Emma Stone	Actor
Dawn Didawick	Actor
Robert Cummings	Actor
Vin Diesel	Actor
Carly Nahon	Actor
Matthew Flint	Actor
Damon Wayans Jr.	Actor
Laura Harring	Actor
Rachael Harris	Actor
Sanjeev Kumar	Actor
Michael O'Keefe	Actor
Slim Pickens	Actor
Don Rickles	Actor
Ted Ludzik	Actor
Giovanni Ribisi	Actor
W.C. Fields	Actor
Kate Mara	Actor
Jason Alexander	Actor
Alison Pill	Actor
Shane Baumel	Actor
Lee Van Cleef	Actor
Marcia Strassman	Actor
Alicia Van Couvering	Actor
Jeremy Davies	Actor
Bill Nunn	Actor
Gore Vidal	Actor
Garrett Hedlund	Actor
Ashanti	Actor
Willow Shields	Actor
Danny Hassel	Actor
Mike Nawrocki	Actor
Jane Leeves	Actor
Charles Durning	Actor
Brigitte Lin	Actor
Genevi√®ve Bujold	Actor
Scott Williamson	Actor
Lance Guest	Actor
Jo O'Meara	Actor
Christina Eleusiniotis	Actor
Jean Simmons	Actor
Scott Mechlowicz	Actor
John Denver	Actor
Rasmus Hardiker	Actor
Alicia Silverstone	Actor
James Arness	Actor
Nigel Hawthorne	Actor
Paul Bettany	Actor
Igal Naor	Actor
Cathy Moriarty	Actor
Georgie Henley	Actor
Gerry Bednob	Actor
Bill Paxton	Actor
Peter Cushing	Actor
Fred MacMurray	Actor
Roy Scheider	Actor
Tzi Ma	Actor
Curtis Armstrong	Actor
Glen Caspillo	Actor
Yul Brynner	Actor
Eddie Jemison	Actor
Dana Fuchs	Actor
Wilford Brimley	Actor
Robert Ridgely	Actor
Justin Long	Actor
Debi Mazar	Actor
Bill Byrge	Actor
Kristine Sutherland	Actor
Carroll O'Connor	Actor
Roger Moore	Actor
Ruy Guerra	Actor
Colm Feore	Actor
Alia Shawkat	Actor
James D'Arcy	Actor
Giustino Durano	Actor
Karan Ashley	Actor
Ellie Kemper	Actor
Thomas Ian Griffith	Actor
Chemeeka Walker	Actor
Rory Culkin	Actor
Murray Hamilton	Actor
Madolyn Smith Osborne	Actor
Robert Prichard	Actor
Sally Fraser	Actor
Chlo√´ Grace Moretz	Actor
Sheldon Leonard	Actor
Chandler Canterbury	Actor
Fran Kranz	Actor
Kisha Brackel	Actor
Tamio √îki	Actor
Donnie Yen	Actor
Gloria Foster	Actor
Efrem Zimbalist Jr.	Actor
Brandon Hardesty	Actor
Ludacris	Actor
Bill Pullman	Actor
Melissa Banks	Actor
Gordon Pinsent	Actor
Peter Ustinov	Actor
Rupert Everett	Actor
Ana de la Reguera	Actor
Taylor Handley	Actor
Iggy Pop	Actor
Eva Mendes	Actor
Bruce McGill	Actor
Gillian Anderson	Actor
Erica Yohn	Actor
Jim Robinson	Actor
John Alexander	Actor
Christopher Walken	Actor
Brooke Langton	Actor
Elke Sommer	Actor
Nick Nolte	Actor
Shawna Waldron	Actor
Paul Kaye	Actor
Mark Boone Junior	Actor
Brad Davis	Actor
Shaun Parkes	Actor
Maxime Denomm√©e	Actor
Cheryl Hines	Actor
Carol Kane	Actor
Theo James	Actor
Keith Ferguson	Actor
Anthony LaPaglia	Actor
Dougray Scott	Actor
Saunders Triplets	Actor
Ralph Meeker	Actor
Zo√´ Bell	Actor
Ashley Scott	Actor
Eminem	Actor
Sandy Dennis	Actor
Bruce Malmuth	Actor
William Kerwin	Actor
Julie Austin	Actor
Jeff York	Actor
Stephen Chow	Actor
Ciar√°n Hinds	Actor
Liev Schreiber	Actor
Helena Rojo	Actor
Lorelei Linklater	Actor
Alexandra Paul	Actor
Burt Reynolds	Actor
Pearl Bailey	Actor
Heather Sossaman	Actor
Jesse Bradford	Actor
Adam Campbell	Actor
Walter Slezak	Actor
Anthony Michael Hall	Actor
Richard Beymer	Actor
Rosanna Arquette	Actor
Cathy Meils	Actor
Ryan Potter	Actor
Holly Fields	Actor
Charles Coburn	Actor
James Brolin	Actor
Jon Lee	Actor
Brian Kerwin	Actor
Jason Boyd	Actor
Danielle Skraastad	Actor
Tony Jayawardena	Actor
Noble Willingham	Actor
Hanno P√∂schl	Actor
Teodorina Bello	Actor
Mitch Pileggi	Actor
Daria Strokous	Actor
Zella Graham	Actor
Sondra Locke	Actor
Patti LuPone	Actor
Phil Davis	Actor
Ronald Adam	Actor
Omar Sy	Actor
Liz Callaway	Actor
Kate Capshaw	Actor
Jill St. John	Actor
David Kross	Actor
Graham Greene	Actor
Jonathan Rhys Meyers	Actor
Yolanda Orisaga	Actor
Ivan Kaye	Actor
Michelle Carmichael	Actor
Graham Chapman	Actor
Richard Macklin	Actor
David Samson	Actor
Michelle Pfeiffer	Actor
David Wood	Actor
Sean Gullette	Actor
Andy Serkis	Actor
Patrice O'Neal	Actor
Akio √îtsuka	Actor
Marilu Henner	Actor
Aaron Yoo	Actor
Kevin Bishop	Actor
Hartley Power	Actor
Yun-Fat Chow	Actor
Daniel Travis	Actor
Harold Ramis	Actor
Stockard Channing	Actor
Michelle Yeoh	Actor
Jack Lord	Actor
Matt Angel	Actor
Luke Edwards	Actor
Samy Naceri	Actor
Giordano Formenti	Actor
Elizabeth Perkins	Actor
Arnold Vosloo	Actor
Amanda Seyfried	Actor
Caitlin Wachs	Actor
Kate Ashfield	Actor
Chris Kattan	Actor
John Rhys-Davies	Actor
Jennifer Prior	Actor
Jeffrey Donovan	Actor
Helena-Lia Tachovsk√°	Actor
Cheech Marin	Actor
Will Patton	Actor
Jon Tenney	Actor
Dorothy Hart	Actor
Ken Watanabe	Actor
Tyler James Williams	Actor
Dylan O'Brien	Actor
Wallace Shawn	Actor
Brad Dourif	Actor
Sab Shimono	Actor
Greta Schr√∂der	Actor
Philip Bosco	Actor
Sabu	Actor
Peter O'Toole	Actor
Jeremy Suarez	Actor
Michael Cera	Actor
Sarah Paulson	Actor
Denise Richards	Actor
Fred Ward	Actor
Tony Haygarth	Actor
Sam Elliott	Actor
Josef Altin	Actor
Paul Gleason	Actor
James Russo	Actor
Paul Birchard	Actor
Clark Gable	Actor
Michael Constantine	Actor
Jordan Ladd	Actor
Stephen Mangan	Actor
Melissa Leo	Actor
Alyson Hannigan	Actor
John McConnell	Actor
Y√¥ko Tsukasa	Actor
Craig Sheffer	Actor
Constance Towers	Actor
Ralph Brown	Actor
Margaret Whitton	Actor
Kaylee Vieira	Actor
Roger Aaron Brown	Actor
Channing Tatum	Actor
Shawn Wayans	Actor
Ethan Hawke	Actor
Wabei Siyolwe	Actor
Julian Fellowes	Actor
Megan Ward	Actor
Jacob Vargas	Actor
Jack Albertson	Actor
Anne Baxter	Actor
Greg Sestero	Actor
Ethan Embry	Actor
Gracie Whitton	Actor
Kevin M. Horton	Actor
Mitchell Whitfield	Actor
Nathalie Boltt	Actor
Lindsay Wagner	Actor
Ryan Gosling	Actor
Jon Foster	Actor
Ginnifer Goodwin	Actor
Rosalind Russell	Actor
Kevin Jamal Woods	Actor
Patrick Warburton	Actor
Divine	Actor
Rosie O'Donnell	Actor
Chad Faust	Actor
Stanley Baker	Actor
Gerry Robert Byrne	Actor
Brian Cox	Actor
Judge Reinhold	Actor
Russ Tamblyn	Actor
George C. Scott	Actor
Greg Wise	Actor
Camilla Luddington	Actor
Jamie Foreman	Actor
Jim Moret	Actor
Mike Ditka	Actor
Marcia Gay Harden	Actor
Kathy Bates	Actor
Andie MacDowell	Actor
J.B. Smoove	Actor
Priscilla Presley	Actor
Isabella Gielniak	Actor
Lee J. Cobb	Actor
Alexz Johnson	Actor
Joel Kinnaman	Actor
Selena Royle	Actor
Clarence Williams III	Actor
Kelly Jo Minter	Actor
Frances O'Connor	Actor
Edward Woodall	Actor
Ben Schnetzer	Actor
Mekhi Phifer	Actor
Lucille Billingsley	Actor
Nicolas Cage	Actor
Oprah Winfrey	Actor
Damaine Radcliff	Actor
George Macready	Actor
Shake Tukhmanyan	Actor
Spencer Tracy	Actor
Beverly Todd	Actor
Rita Karin	Actor
Ewen Bremner	Actor
Nick Zano	Actor
Lydia Wilson	Actor
Fernando Vargas	Actor
Trevor Howard	Actor
Maria Doyle Kennedy	Actor
Anne Carlisle	Actor
Brad Greenquist	Actor
Rebecca Williams	Actor
Dae-han Ji	Actor
Tatsuya Nakadai	Actor
Ricky Garcia	Actor
Pamela Franklin	Actor
George Clooney	Actor
Thomas Mitchell	Actor
Megan Fox	Actor
James McAvoy	Actor
A. Russell Andrews	Actor
Nicky Katt	Actor
Stephen Tobolowsky	Actor
Paul Hogan	Actor
Robin Tunney	Actor
Sam Jaffe	Actor
Jennifer Blanc	Actor
Phil Hartman	Actor
Rebecca Hall	Actor
Scott MacDonald	Actor
Harriet Andersson	Actor
Kareem Abdul-Jabbar	Actor
Ashlee Thompson	Actor
Maggie McOmie	Actor
Akihiro Miwa	Actor
Ben Kingsley	Actor
Greg Cruttwell	Actor
Haji	Actor
Marguerite Churchill	Actor
John Megna	Actor
Timothy Olyphant	Actor
Alexandra Wilson	Actor
Richard Pryor	Actor
Bing Stafford	Actor
Bug Hall	Actor
Claire Bloom	Actor
Jessica Barth	Actor
Robert Benz	Actor
James Whitmore	Actor
Alberto Reyes	Actor
Tammy Davis	Actor
Cyril Cusack	Actor
Dianne Wiest	Actor
Rhona Mitra	Actor
John Colicos	Actor
Mari Devon	Actor
Samaire Armstrong	Actor
Peter Billingsley	Actor
Jae Head	Actor
Paul Reubens	Actor
Jean-Louis Barrault	Actor
Walter Matthau	Actor
Mike Malone	Actor
Michael C. Williams	Actor
Marcus Patrick	Actor
Andr√© Benjamin	Actor
Paul Freeman	Actor
Carrie Underwood	Actor
Tommy Bone	Actor
Ava Kolker	Actor
Philip Winchester	Actor
Kellie Martin	Actor
Margaret Avery	Actor
Piper Laurie	Actor
Chris Pine	Actor
Lee Grant	Actor
Virginia Paris	Actor
Al Pacino	Actor
Ali Larter	Actor
Delle Bolton	Actor
Patrick Wayne	Actor
Pat Boone	Actor
Pat Morita	Actor
Tom Rack	Actor
Wendy Crewson	Actor
William Hurt	Actor
Saif Ali Khan	Actor
Bernadette Peters	Actor
Victoria Racimo	Actor
Mark Ryder	Actor
Reginald Hudlin	Actor
Valerie Perrine	Actor
Freddie Prinze Jr.	Actor
Tom Kenny	Actor
Ron Howard	Actor
Giorgio Cantarini	Actor
Ally Sheedy	Actor
Fred Astaire	Actor
Charlton Heston	Actor
William Forsythe	Actor
Tom Selleck	Actor
Mina E. Mina	Actor
Jami Gertz	Actor
John Kapelos	Actor
Richard DeManincor	Actor
Neal McDonough	Actor
Diora Baird	Actor
Ilan Mitchell-Smith	Actor
Lou Diamond Phillips	Actor
Joy Carlin	Actor
Emile Hirsch	Actor
Jenny McCarthy	Actor
Harry Ellerbe	Actor
David Lochary	Actor
Royal Dano	Actor
Michael Stuhlbarg	Actor
Steven M. Martin	Actor
Trey Wilson	Actor
Jacob Pitts	Actor
Robert Pattinson	Actor
Sienna Guillory	Actor
Christian Kahrmann	Actor
Isabelle Huppert	Actor
Katy Jurado	Actor
Shelley Hennig	Actor
Barkhad Abdi	Actor
Rita Marley	Actor
Mark Phelan	Actor
Margaret Sheridan	Actor
Justin Whalin	Actor
Laurence Fishburne	Actor
Jonathan Freeman	Actor
Oris Erhuero	Actor
Dane A. Davis	Actor
Shailene Woodley	Actor
Desmond Dube	Actor
Megumi Hayashibara	Actor
Anthony Ramirez	Actor
Caspar Poyck	Actor
Dan Castellaneta	Actor
Rinko Kikuchi	Actor
Leonardo DiCaprio	Actor
Joey Lauren Adams	Actor
Scott Schwartz	Actor
Bruno Campos	Actor
Mike Minett	Actor
Barry Foster	Actor
Jennifer Lopez	Actor
Arija Bareikis	Actor
Jennifer Love Hewitt	Actor
Ji-hyun Jun	Actor
Robin Quivers	Actor
Fay Bainter	Actor
Verna Bloom	Actor
Domenick Lombardozzi	Actor
Julie Andrews	Actor
Gaby Hoffmann	Actor
Emma Roberts	Actor
Sydney Pollack	Actor
Max Phipps	Actor
Patrick Dempsey	Actor
Shannen Doherty	Actor
Alan Rickman	Actor
Leon	Actor
William Powell	Actor
Samuel Anderson	Actor
Michael Nouri	Actor
Judy Garland	Actor
John Matshikiza	Actor
William Dick	Actor
Maureen McGovern	Actor
Carrie Diamond	Actor
Bette Davis	Actor
Roland Manookian	Actor
Everett Sloane	Actor
Koby Rouviere	Actor
Odette Talazac	Actor
John Turturro	Actor
Sisq√≥	Actor
Aubrey Peeples	Actor
Forest Whitaker	Actor
Jim Dunk	Actor
Kevin Tighe	Actor
Herbert Russell	Actor
Lionel Jeffries	Actor
Ruth Gordon	Actor
Carter Jenkins	Actor
Gary Basaraba	Actor
Dania Abu-Rmaileh	Actor
Richard Romanus	Actor
Paul Henreid	Actor
Peter Hurley	Actor
Bruce Greenwood	Actor
Patrick Godfrey	Actor
Michael Wilding	Actor
Tim Matheson	Actor
Bill McKinney	Actor
Ziggy Marley	Actor
Jos√© Mar√≠a de Tavira	Actor
Alex D. Linz	Actor
Joseph Mascolo	Actor
Thom Hoffman	Actor
Henry Winkler	Actor
Lou Antonio	Actor
David Duchovny	Actor
Mae Whitman	Actor
Snoop Dogg	Actor
Tommy Wiseau	Actor
Malcolm McDowell	Actor
Roger Bart	Actor
Eddie Barth	Actor
M√©lanie Laurent	Actor
Dylan McDermott	Actor
Gary Cooper	Actor
Ed Flanders	Actor
Wilfrid Hyde-White	Actor
Giancarlo Esposito	Actor
Zachary Scott	Actor
Diana Scarwid	Actor
Bubba Smith	Actor
Lila Kedrova	Actor
Corey Haim	Actor
Jessica Brown Findlay	Actor
Nehemiah Persoff	Actor
Gabriela Oltean	Actor
Anthony Rapp	Actor
Leonard Hicks	Actor
Richard Libertini	Actor
Gloria Stuart	Actor
Alan North	Actor
Madeleine Stowe	Actor
Kenneth Cranham	Actor
Rhys Ifans	Actor
James Carpinello	Actor
Bing Crosby	Actor
Carole Lombard	Actor
Michael York	Actor
Michelle Trachtenberg	Actor
Helen Christian	Actor
Tommy Rettig	Actor
Joaquin Phoenix	Actor
Isla Fisher	Actor
Joey Kern	Actor
Gene Wilder	Actor
Pen√©lope Cruz	Actor
Jamie Foxx	Actor
Sophie N√©lisse	Actor
Nicollette Sheridan	Actor
Arthur Kennedy	Actor
The Marx Brothers	Actor
Shia LaBeouf	Actor
William Collier Jr.	Actor
John Gielgud	Actor
Lily Atkinson	Actor
Michelle Rodriguez	Actor
Shelley Thompson	Actor
Michael B. Jordan	Actor
Skylar Astin	Actor
Simon Schwarz	Actor
Gary Bullock	Actor
Anna Hausburg	Actor
Julia Stiles	Actor
Regina Hall	Actor
Brendon Baerg	Actor
Kelly Macdonald	Actor
Nicholas Braun	Actor
Sandahl Bergman	Actor
Rex Harrison	Actor
Dominique Dunne	Actor
Gailard Sartain	Actor
Matthew Barry	Actor
Richard Basehart	Actor
Emily Hamilton	Actor
Rob Brown	Actor
Owen Moore	Actor
John Simm	Actor
Rawiri Paratene	Actor
Penelope Allen	Actor
Amara Karan	Actor
Barbara Tyson	Actor
Lynn Hung	Actor
Ben Stein	Actor
Jackie Gleason	Actor
Paul Anka	Actor
Shawn Hatosy	Actor
Ivan Bonar	Actor
Frank Lovejoy	Actor
Don Gordon	Actor
Kevin Zegers	Actor
Bokeem Woodbine	Actor
Alexander Skarsg√•rd	Actor
Leslie Fenton	Actor
Carol Burnett	Actor
Andre Keuck	Actor
Augie Davis	Actor
Dylan Minnette	Actor
Christopher Plummer	Actor
Leandro Firmino	Actor
James Gammon	Actor
Richard Gere	Actor
Alessandro Nivola	Actor
Courtney Barilla	Actor
Sheri Moon Zombie	Actor
Michael Showalter	Actor
Anthony Newley	Actor
Mykelti Williamson	Actor
Marton Csokas	Actor
Timothy Hutton	Actor
Liz Renay	Actor
Ramon Bieri	Actor
Saoirse Ronan	Actor
James Eckhouse	Actor
Tab Hunter	Actor
Cate Blanchett	Actor
Jeremy Irons	Actor
Vince Vaughn	Actor
Mark Hamill	Actor
Laurence Olivier	Actor
Manolo Cardona	Actor
Don Knotts	Actor
Pierce Brosnan	Actor
Victor Spinetti	Actor
Paul Lombardi	Actor
Drew Barrymore	Actor
Kristin Kreuk	Actor
M√≠a Maestro	Actor
Joe Vitale	Actor
Miranda Otto	Actor
Sam Waterston	Actor
Kimberly Elise	Actor
Christine Noonan	Actor
Diahnne Abbott	Actor
Kevin Smith	Actor
Nathan Meister	Actor
Craig Ferguson	Actor
Jai Courtney	Actor
Deborah Rush	Actor
Ajay Devgn	Actor
Jack Smith	Actor
Lauren Graham	Actor
Fredric March	Actor
Rob Lowe	Actor
Forrest Tucker	Actor
Suzanne Bianqui	Actor
Anne Heche	Actor
Jamie Cronin	Actor
Victoire Thivisol	Actor
Craig Wasson	Actor
Dick Van Dyke	Actor
Kristen Schaal	Actor
Connie Nielsen	Actor
Ioan Gruffudd	Actor
Shantel VanSanten	Actor
Daniel Henney	Actor
Maggie Q	Actor
Wesley Snipes	Actor
Gina McKee	Actor
Tim Allen	Actor
Grant Cramer	Actor
Genevieve Zweig	Actor
Marny Eng	Actor
Julie Christie	Actor
Karyn Dwyer	Actor
Don Johnson	Actor
Pascale Ourbih	Actor
Dennis Miller	Actor
Bradley McIntosh	Actor
Guillaume Canet	Actor
Brittany Colonna	Actor
Jennifer Lawrence	Actor
Ice Cube	Actor
Thomas Kretschmann	Actor
Cary Grant	Actor
Patrick Bauchau	Actor
Shea Adams	Actor
Francesca Annis	Actor
Rik Mayall	Actor
Wilt Chamberlain	Actor
Alan Cumming	Actor
Miriam Margolyes	Actor
Keisha Castle-Hughes	Actor
Richard Ayoade	Actor
Woody Harrelson	Actor
Roselyn Sanchez	Actor
Rya Kihlstedt	Actor
Trini Alvarado	Actor
Danny Glover	Actor
Mary Elizabeth Mastrantonio	Actor
Maximilian Schell	Actor
Terry Gilliam	Actor
Elissa Knight	Actor
Ashley Peldon	Actor
Zach Grenier	Actor
Glenn Corbett	Actor
Olivia Wilde	Actor
Larry Aten	Actor
Connie Britton	Actor
Tom Keene	Actor
Steve Ross	Actor
Dylan Baker	Actor
Tony Curran	Actor
Kate Hudson	Actor
Clea DuVall	Actor
Allison Hayes	Actor
Maurice Woods	Actor
Michael Conner Humphreys	Actor
Kasi Lemmons	Actor
Matthew Braden Stringer	Actor
Jay Leno	Actor
Opal Alladin	Actor
T√©a Leoni	Actor
Paulette Dubost	Actor
Charlie Talbert	Actor
Adrienne DeFaria	Actor
Bridget Fonda	Actor
Tetsur√¥ Tanba	Actor
Annabella Sciorra	Actor
Megan Follows	Actor
Ted Levine	Actor
Bruce Boxleitner	Actor
James Doohan	Actor
David Koechner	Actor
Joss Ackland	Actor
Ian McShane	Actor
Victor Verhaeghe	Actor
Ray Romano	Actor
Brad Renfro	Actor
Blake Cooper	Actor
Richard Dysart	Actor
Dian Bachar	Actor
Oscar Levant	Actor
Jon Favreau	Actor
Anthony Head	Actor
Emilio Estevez	Actor
Harpo Marx	Actor
Nathalia Capo d'Istria	Actor
Sam Rockwell	Actor
Radha Mitchell	Actor
Austin Pendleton	Actor
Brent Spiner	Actor
Anna Paquin	Actor
Gian Maria Volont√®	Actor
Miley Cyrus	Actor
Bonnie Hunt	Actor
Velizar Binev	Actor
Catherine Hicks	Actor
Lewis Stone	Actor
Adrianne Palicki	Actor
Anna Rust	Actor
Ed Speleers	Actor
Tokiko Kat√¥	Actor
Maria Canals-Barrera	Actor
Stephen Young	Actor
Margo Woode	Actor
Mickey Rooney	Actor
Antonia Preser	Actor
Howard McGillin	Actor
Corey Stoll	Actor
David Schneider	Actor
Dick Powell	Actor
Timothy Stack	Actor
Joseph Fiennes	Actor
Reece Thompson	Actor
Ken Berry	Actor
Steve Bisley	Actor
Vincent Cassel	Actor
Lynn Adrianna	Actor
Diane Kruger	Actor
Victoria Jackson	Actor
Edward Van Sloan	Actor
Marty Belafsky	Actor
Andre Stojka	Actor
Richard Burton	Actor
Elisha Cuthbert	Actor
Daryl Hannah	Actor
Jean-Claude Van Damme	Actor
Hema Malini	Actor
Elden Henson	Actor
Dina Spybey-Waters	Actor
Robert MacNaughton	Actor
Jessica Chastain	Actor
Nick Stabile	Actor
Aurelien Parent Koenig	Actor
Mark Metcalf	Actor
Nora Gregor	Actor
Sofia Scarpa Saldanha	Actor
Michelle Meyrink	Actor
Mae West	Actor
Martha Espinoza	Actor
Richard Eyer	Actor
Mie Hama	Actor
Carlos Alazraqui	Actor
Robert Patrick	Actor
Hiroyuki Ikeuchi	Actor
Josh Hutcherson	Actor
Sebastian Bezzel	Actor
Beulah Garrick	Actor
Sterling Hayden	Actor
Stacey Dash	Actor
Dan Leis	Actor
Bob Proctor	Actor
Indra Ov√©	Actor
Beau Bridges	Actor
Iben Hjejle	Actor
John McCurry	Actor
Gunnar Bj√∂rnstrand	Actor
Mary Moder	Actor
Charles Ogle	Actor
Paul Corning	Actor
Frank Harper	Actor
Pat E. Johnson	Actor
Brady Corbet	Actor
Dean R. Brooks	Actor
Stacy Keach	Actor
Norma Crane	Actor
Alexandru Potocean	Actor
Yeardley Smith	Actor
Tom Ewell	Actor
Barbara Leigh-Hunt	Actor
Daveigh Chase	Actor
Richard Roxburgh	Actor
Tom Welling	Actor
Robert De Niro	Actor
Estelle Harris	Actor
Vicki Lewis	Actor
Cam Clarke	Actor
Tom Arnold	Actor
Richard Warwick	Actor
Robin Williams	Actor
Steve Sandvoss	Actor
Jon Dough	Actor
Bud Luckey	Actor
Walter McGinn	Actor
Danny Dyer	Actor
David Proval	Actor
Holly Hunter	Actor
Andy Pforsich	Actor
Anita Briem	Actor
Patrick Swayze	Actor
Eric Zuckerman	Actor
Cleo King	Actor
Scarlett Johansson	Actor
Ryan McCluskey	Actor
Alex Palmer	Actor
James Brown	Actor
Cree Summer	Actor
Lauren Holly	Actor
Marianne Koch	Actor
Karen Lynn Gorney	Actor
John Spencer	Actor
Emily Bergl	Actor
Michael Gross	Actor
Skandar Keynes	Actor
Jake Johnson	Actor
Steve Martin	Actor
Beatrice Straight	Actor
Stuart Townsend	Actor
Camilla Belle	Actor
Valerie Richards	Actor
Eric Bauza	Actor
Christina Applegate	Actor
Gary Commock	Actor
Mary Jo Smith	Actor
Joseph Melito	Actor
Catharine Bolz	Actor
Peter MacNicol	Actor
Diane Venora	Actor
Olivia Williams	Actor
Jackie Earle Haley	Actor
Crispin Glover	Actor
Benicio Del Toro	Actor
Michael Clarke Duncan	Actor
Maxine Bahns	Actor
Lauren Ambrose	Actor
Carina Lau	Actor
Daniel London	Actor
Red Buttons	Actor
Brec Bassinger	Actor
Emily Browning	Actor
Tatsuya Gash√ªin	Actor
Ricardo Dar√≠n	Actor
Mandy Moore	Actor
Alfre Woodard	Actor
Russell Wong	Actor
James Barron	Actor
Michel Auclair	Actor
Stephanie Faracy	Actor
Edward Furlong	Actor
Jerry Daugirda	Actor
Ted Danson	Actor
Min-sik Choi	Actor
Franchot Tone	Actor
Oliver Reed	Actor
William Fichtner	Actor
Peyton List	Actor
Bruno Ganz	Actor
Leonid Citer	Actor
Keira Knightley	Actor
Sienna Miller	Actor
Horst Buchholz	Actor
Garrett M. Brown	Actor
Mary Steenburgen	Actor
William Sylvester	Actor
Eddie Griffin	Actor
Andrew Divoff	Actor
Richard Partlow	Actor
Dorothy Comingore	Actor
Roy Butler	Actor
Ray Liotta	Actor
Rutger Hauer	Actor
Nigel Havers	Actor
John Astin	Actor
Jack Lemmon	Actor
Robert Portal	Actor
Rupert Evans	Actor
Bradley Whitford	Actor
Jason Robards	Actor
Eleanor Parker	Actor
Goran Visnjic	Actor
Joseph Bottoms	Actor
Daniel Radcliffe	Actor
Austin Nichols	Actor
Armand Laroche	Actor
Jason Beghe	Actor
Anil Kapoor	Actor
Donald Pleasence	Actor
Solveig Dommartin	Actor
Billy West	Actor
Philip Bolden	Actor
Quvenzhan√© Wallis	Actor
Dyllan Christopher	Actor
Nigel Terry	Actor
Duke Moore	Actor
Lisa Banes	Actor
Oscar Pearce	Actor
Luke Wilson	Actor
Louis Garrel	Actor
Everett McGill	Actor
David Zucker	Actor
Judith Barsi	Actor
Eddie Murphy	Actor
Josh Brolin	Actor
Kathryn Alexander	Actor
Dennis Dugan	Actor
Robert Cardone	Actor
Danny Mann	Actor
Judy Holliday	Actor
Dan Byrd	Actor
Gary 'G. Thang' Johnson	Actor
Thomas Brodie-Sangster	Actor
Dean Jones	Actor
Michael Saucedo	Actor
Ted Hamilton	Actor
Simon Baker	Actor
Robert Shaw	Actor
Otis Young	Actor
Lou Hirsch	Actor
Jack Carson	Actor
Saul Kahan	Actor
Aaran Thomas	Actor
Ernie Sabella	Actor
Jennifer Saunders	Actor
Brion James	Actor
Isabelle Fuhrman	Actor
Edmund Gwenn	Actor
David Cross	Actor
Sean Patrick Flanery	Actor
Craig T. Nelson	Actor
Bruce Lee	Actor
Dan Aykroyd	Actor
Illeana Douglas	Actor
Laura Ramsey	Actor
Georgia Groome	Actor
Casey Affleck	Actor
Carlos Amezcua	Actor
Nick Bacon	Actor
Patrick Bergin	Actor
Donal Logue	Actor
Essie Davis	Actor
Kitty Carlisle	Actor
Charlie Sheen	Actor
Gregor Fisher	Actor
Ali Astin	Actor
Glenne Headly	Actor
Dan Haggerty	Actor
Dee Wallace	Actor
Colin Hanks	Actor
John C. Reilly	Actor
Colin Salmon	Actor
Isaiah Washington	Actor
Nia Long	Actor
Tony Lo Bianco	Actor
Jan Miner	Actor
Miou-Miou	Actor
Allan Jones	Actor
Pat O'Brien	Actor
Ahna Capri	Actor
Elena Wohl	Actor
Barry Bostwick	Actor
Chris Tucker	Actor
Debbie Reynolds	Actor
Javier Bardem	Actor
Andrew Chavez	Actor
Marc de Jonge	Actor
Roger Rees	Actor
Cal Harberts	Actor
Hakeem Kae-Kazim	Actor
Scott Caan	Actor
Damon Wayans	Actor
Kristen Bell	Actor
Greg Kinnear	Actor
Holly Fulger	Actor
Amy Smart	Actor
Bobby Campo	Actor
Elizabeth McGovern	Actor
Ron Lester	Actor
Drew Seeley	Actor
Ann Reinking	Actor
Joe Pantoliano	Actor
Sean Penn	Actor
Emily Osment	Actor
Izabella Scorupco	Actor
Sophie Marceau	Actor
Geraldine Fitzgerald	Actor
Nathan Fillion	Actor
Ellen Burstyn	Actor
Paul Soter	Actor
Charles Nelson Reilly	Actor
Sophia Bush	Actor
Stan Laurel	Actor
Alison Crosbie	Actor
George MacKay	Actor
Jeff Goldblum	Actor
Isabella Rossellini	Actor
Gary Cole	Actor
Jason James Richter	Actor
Adrian Alonso	Actor
Julie White	Actor
Pamelyn Ferdin	Actor
David Oyelowo	Actor
David Tomlinson	Actor
Jeffery Roberson	Actor
Nicole de Boer	Actor
Kim Staunton	Actor
Rip Torn	Actor
Jim Caviezel	Actor
Humphrey Bogart	Actor
L√©opoldine Serre	Actor
Rekha Sharma	Actor
Dolph Lundgren	Actor
Abraham Alvarez	Actor
Sam Neill	Actor
Natalie Wood	Actor
Gina Gershon	Actor
Pat Healy	Actor
Sarah Polley	Actor
Drake Cook	Actor
Bert Lahr	Actor
Denzel Washington	Actor
Kiyoshi Kobayashi	Actor
Justin Theroux	Actor
Carey Mulligan	Actor
Lucas Grabeel	Actor
Christine Taylor	Actor
Austin Stout	Actor
Lari White	Actor
Norman Reedus	Actor
Jane Curtin	Actor
Ed Skrein	Actor
Alison Doody	Actor
Claire Forlani	Actor
Danny Lloyd	Actor
Stephen Shea	Actor
Jackie Burroughs	Actor
Lorraine Bracco	Actor
Geraldine Chaplin	Actor
Brock Peters	Actor
Anjelica Huston	Actor
Elaine Hendrix	Actor
Matt Damon	Actor
George Dzundza	Actor
Barbara Shelley	Actor
Paul Dooley	Actor
Edward Asner	Actor
JoBeth Williams	Actor
Sarah Grey	Actor
Gary Lockwood	Actor
Milla Jovovich	Actor
Constance Money	Actor
Ron Mathews	Actor
Jack Black	Actor
Blanchard Ryan	Actor
Monte Landis	Actor
Dirk Bogarde	Actor
Dan Mason	Actor
June Foray	Actor
Geoffrey Lewis	Actor
Paul Koslo	Actor
Dorothy Compton	Actor
Jack Weston	Actor
Diana Rigg	Actor
Russ Banham	Actor
Tony Shalhoub	Actor
Jorma Taccone	Actor
Kevin Anderson	Actor
Akiko Wakabayashi	Actor
Garry Shandling	Actor
Michael Jordan	Actor
Michael McGuire	Actor
Thomas Haden Church	Actor
Bill Kerr	Actor
Kristen Cloke	Actor
Selma Blair	Actor
Gackt	Actor
William Mervyn	Actor
Jean Arthur	Actor
Andr√©a Ferr√©ol	Actor
Anick Lemay	Actor
Joseph Bologna	Actor
Pinto Colvig	Actor
Elizabeth Banks	Actor
Brian Geraghty	Actor
Kerr Smith	Actor
Lianella Carell	Actor
Ed Oxenbould	Actor
Bryan Brown	Actor
Paul Williams	Actor
Jimmi Simpson	Actor
Mike Bradley	Actor
Zachary Quinto	Actor
Richard Benjamin	Actor
Sandra Oh	Actor
David Alexander	Actor
William Love	Actor
Lotte Lenya	Actor
Brian Dennehy	Actor
John Lennon	Actor
Diego Boneta	Actor
Bud Cort	Actor
Jack Davenport	Actor
Dominic Purcell	Actor
Dharmendra	Actor
Maria Bello	Actor
Lee Curreri	Actor
Harrison Fahn	Actor
Kerry Washington	Actor
Michael Ealy	Actor
John Hawkes	Actor
Jane McGregor	Actor
Judy Greer	Actor
Shea Fowler	Actor
Nicholas Farrell	Actor
Rachel Hayward	Actor
Harry Treadaway	Actor
Sally Hawkins	Actor
Zachary Gordon	Actor
Nicholas Hoult	Actor
Doug McClure	Actor
Gladys George	Actor
Alexander Gould	Actor
Art LaFleur	Actor
Karen Steele	Actor
Anise Zreiq	Actor
Kenneth Tobey	Actor
Sally Kirkland	Actor
Kagiso Kuypers	Actor
Heather Graham	Actor
Lillo Brancato	Actor
Drew Bundini Brown	Actor
Tina Caspary	Actor
Jake T. Austin	Actor
Dolores Moran	Actor
Lori Williams	Actor
Ellen DeGeneres	Actor
Agnes Moorehead	Actor
Scott Hazell	Actor
Debra Messing	Actor
Jon Voight	Actor
Tia Carrere	Actor
Steve Cardenas	Actor
Peter Finch	Actor
Richard E. Grant	Actor
Dylan Bruno	Actor
Joan Cusack	Actor
Tom Hiddleston	Actor
Harvey Keitel	Actor
Lauren McKnight	Actor
Rebecca Romijn	Actor
Erik Knudsen	Actor
Frankie Muniz	Actor
Marc Anthony	Actor
Mako	Actor
Louis Calhern	Actor
Jesse L. Martin	Actor
Eddie Baroo	Actor
Rachel York	Actor
Aleisha Allen	Actor
Tammy Lauren	Actor
Denis Leary	Actor
Suzanne Pleshette	Actor
Dean Martin	Actor
Will Ferrell	Actor
Nicolas Coster	Actor
Shelley Winters	Actor
N'Bushe Wright	Actor
Raven-Symon√©	Actor
Keith Gordon	Actor
Irrfan Khan	Actor
Saurabh Shukla	Actor
Gloria Holden	Actor
Matthew Broderick	Actor
Oscar Isaac	Actor
Tallulah Bankhead	Actor
Sig Ruman	Actor
Denholm Elliott	Actor
Francesco De Vito	Actor
Matthew Gray Gubler	Actor
James Rebhorn	Actor
JR Reed	Actor
Tara Reid	Actor
Louise Fletcher	Actor
Frederick Koehler	Actor
John Corbett	Actor
Noel Francis	Actor
Jessica Campbell	Actor
George Demas	Actor
Sonny	Actor
Warren Oates	Actor
Barry Miller	Actor
Kathleen Quinlan	Actor
Maurice Orozco	Actor
Diane Baker	Actor
Tura Satana	Actor
Roger Allam	Actor
Stella Malucchi	Actor
Philip Haldiman	Actor
Kathleen Turner	Actor
Tim Hodge	Actor
Will.i.am	Actor
Christopher Eccleston	Actor
William Harrigan	Actor
Jason Clarke	Actor
Dave Sheridan	Actor
Jared Leto	Actor
Evan Peters	Actor
Karan Soni	Actor
Claudia Barrett	Actor
Chris Zylka	Actor
Gemma Arterton	Actor
Frank Oz	Actor
Errol Flynn	Actor
Bruce D. Reed	Actor
Jonah Hill	Actor
Dallas Roberts	Actor
Jaime S√°nchez	Actor
Roddy McDowall	Actor
Kirsten Dunst	Actor
Gustav von Wangenheim	Actor
Anthony Mackie	Actor
Robert Vaughn	Actor
Sylvia Miles	Actor
Nathalie Cox	Actor
Timyra-Joi Beatty	Actor
Eric Lloyd	Actor
Casey Groves	Actor
Bai Ling	Actor
Jeff Bergman	Actor
Mark Wahlberg	Actor
Joseph Blaire	Actor
Weimy	Actor
Richard Dreyfuss	Actor
Kathy Larson	Actor
Dave Legeno	Actor
Marcia McBroom	Actor
Jane Greer	Actor
Evelyn Keyes	Actor
Gary Beach	Actor
Keith David	Actor
Julian Glover	Actor
Zack Phifer	Actor
Takayuki Yamada	Actor
Paul McGann	Actor
Peter Coyote	Actor
Marc Blucas	Actor
Henry Thomas	Actor
Roscoe Lee Browne	Actor
Kimberly Stringer	Actor
Edmond O'Brien	Actor
Juana Collignon	Actor
Alex Borstein	Actor
Dick Miller	Actor
Nona Gaye	Actor
Austin Butler	Actor
Tom Neyman	Actor
Joseph Kaufmann	Actor
Rochelle Davis	Actor
Corey Burton	Actor
Jennifer Grey	Actor
Peter Capaldi	Actor
Frank Morgan	Actor
Laura Linney	Actor
Catherine Mary Stewart	Actor
Kim Myers	Actor
Tracey Cherelle Jones	Actor
John Harrington Bland	Actor
Jon Cryer	Actor
Michael Pitt	Actor
Benhur Sito Barrero	Actor
Said Faraj	Actor
Edith Massey	Actor
Lee Strasberg	Actor
Adrian Dunbar	Actor
Rudy Youngblood	Actor
John Tormey	Actor
Janelle Brady	Actor
Russell Crowe	Actor
Oliver Clark	Actor
Scott Wilson	Actor
David Birney	Actor
Gina Philips	Actor
Jack Kehoe	Actor
Melinda Dillon	Actor
Miranda July	Actor
Christopher Jacot	Actor
William Hickey	Actor
Richard Todd	Actor
Peter Graves	Actor
Marius Weyers	Actor
Togo Igawa	Actor
John Bach	Actor
Christopher Evan Welch	Actor
Al Gore	Actor
Mary Stuart Masterson	Actor
Frances Barber	Actor
Olivia Newton-John	Actor
Greta Garbo	Actor
Brandon De Wilde	Actor
August Schellenberg	Actor
Tony Kgoroge	Actor
Dane Cook	Actor
Laura Gerow	Actor
Ronny Cox	Actor
Daniela Bianchi	Actor
Vinnie Jones	Actor
Josh Zuckerman	Actor
Eartha Kitt	Actor
Fiona Shaw	Actor
Rob Bowman	Actor
Denzel Whitaker	Actor
Adam Sandler	Actor
David Carradine	Actor
Hal Holbrook	Actor
Chieko Baish√¥	Actor
Phil Vischer	Actor
Daniel Zacapa	Actor
Mena Suvari	Actor
Daniel Richter	Actor
Kristen Wilson	Actor
Larry Roberts	Actor
Reginald Gardiner	Actor
Mark Patton	Actor
Philip Baker Hall	Actor
Gene Hackman	Actor
Robert Redford	Actor
Johnny A. Sanchez	Actor
David Harbour	Actor
Michael Moriarty	Actor
David Niven	Actor
Deborah Kerr	Actor
Horatio Sanz	Actor
Rob Reiner	Actor
Meat Loaf	Actor
Chandler Darby	Actor
Jason Lively	Actor
David Dorfman	Actor
Brie Larson	Actor
Reg E. Cathey	Actor
Gaspard Ulliel	Actor
John P. Ryan	Actor
Simon MacCorkindale	Actor
Aleksandr Baluev	Actor
Diego Luna	Actor
Paul Newman	Actor
Cleavon Little	Actor
Michael Mantell	Actor
Mike Epps	Actor
Donald Sutherland	Actor
Parker Posey	Actor
Billy Burke	Actor
Sebastian Koch	Actor
Adam Beach	Actor
Susanne Pollatschek	Actor
Dave Thomas	Actor
Jonathan Ward	Actor
Ray Stevenson	Actor
Laurence Belcher	Actor
Lawrence T. Wrentz	Actor
Sean Connery	Actor
Orlando Bloom	Actor
John Travolta	Actor
Evan Rachel Wood	Actor
Lenny Henry	Actor
Golshifteh Farahani	Actor
Frankie Faison	Actor
Elisabeth Shue	Actor
Rodrigo De la Serna	Actor
Mona McKinnon	Actor
Aunjanue Ellis	Actor
Michelle Monaghan	Actor
Nicholas Turturro	Actor
Morris Chestnut	Actor
Takeshi Kaneshiro	Actor
Tom Felton	Actor
Caroline Brazier	Actor
Michelle Sweeney	Actor
Faune Chambers Watkins	Actor
Abram Rooney	Actor
Alexis Kirschner	Actor
Emma Watson	Actor
Claudia Cardinale	Actor
Saul Stein	Actor
John Fiedler	Actor
D.B. Sweeney	Actor
F. Murray Abraham	Actor
Martin Donovan	Actor
Jim Varney	Actor
Virginie Ledoyen	Actor
Damien Marzette	Actor
Marion Cotillard	Actor
Lynn Ferguson	Actor
Sherilyn Fenn	Actor
Lindsay Duncan	Actor
Elias Koteas	Actor
Matt O'Leary	Actor
Paul Rudd	Actor
Aidan Quinn	Actor
Dennis Franz	Actor
Miles Teller	Actor
Salli Richardson-Whitfield	Actor
Aymen Hamdouchi	Actor
Alex Jennings	Actor
Blaze Berdahl	Actor
Kelli Garner	Actor
Christopher Lee	Actor
Georgia Engel	Actor
Samantha Lavigne	Actor
Rory MacGregor	Actor
Edward Brophy	Actor
Li Gong	Actor
Kari Wuhrer	Actor
Ashton Kutcher	Actor
Cary-Hiroyuki Tagawa	Actor
Kerri Green	Actor
Harold P. Warren	Actor
Pruitt Taylor Vince	Actor
Timothy Balme	Actor
Matt Craven	Actor
Michael Richards	Actor
Liam Cunningham	Actor
James McIntyre	Actor
Christopher Stone	Actor
Loren Bass	Actor
Serataren Adragna	Actor
Ian Charleson	Actor
Chris Sarandon	Actor
Sandra Bernhard	Actor
Eric Deacon	Actor
Fannie Flagg	Actor
Rory Kinnear	Actor
Art Garfunkel	Actor
Ricki Lake	Actor
Ryan O'Neal	Actor
Jamie Bell	Actor
Marty Feldman	Actor
David Keith	Actor
Chris Barrie	Actor
Kiefer Sutherland	Actor
Corinne Bohrer	Actor
Cooper Thornton	Actor
Valentina Vargas	Actor
Vic Morrow	Actor
John Williams	Actor
Anthony Anderson	Actor
Kevin Corrigan	Actor
Tom Davis	Actor
Kaye Brown	Actor
Vanessa Hudgens	Actor
Grace Jones	Actor
Taryn Manning	Actor
Kristanna Loken	Actor
Laurent Schilling	Actor
Jennifer Babtist	Actor
James Stewart	Actor
Austin Nagler	Actor
N!xau	Actor
Clinton Leupp	Actor
Rosalind Cash	Actor
Jeremy Piven	Actor
M.C. Gainey	Actor
Christian Kane	Actor
Sean Lawlor	Actor
Geoffrey Arend	Actor
Elizabeth Hurley	Actor
Don Taylor	Actor
Barbara Francis	Actor
Chris Pratt	Actor
Emmy Rossum	Actor
Barbora Lukesov√°	Actor
Lewis Black	Actor
Hye-jeong Kang	Actor
Patricia Arquette	Actor
Sylvaine Strike	Actor
Kamatari Fujiwara	Actor
Rebecca Gayheart	Actor
Melora Walters	Actor
Domhnall Gleeson	Actor
Talia Shire	Actor
Jerry Nelson	Actor
Bobette Audrey	Actor
Eddie Albert	Actor
Julie Hagerty	Actor
Ashley Judd	Actor
Robert Townsend	Actor
Jessalyn Gilsig	Actor
Michael Wincott	Actor
H√©ctor Jim√©nez	Actor
Jennifer Jones	Actor
Tone Loc	Actor
Joey Camen	Actor
Jacques Marin	Actor
Katheryn Winnick	Actor
Charlie Saxton	Actor
Josette Simon	Actor
Morris Birdyellowhead	Actor
Seth MacFarlane	Actor
Alexandra Daddario	Actor
Gerald R. Molen	Actor
Leslie Nielsen	Actor
Ward Costello	Actor
Tippi Hedren	Actor
Jake Busey	Actor
David Herman	Actor
Rufus Sewell	Actor
Scott Terra	Actor
Martin Kove	Actor
Jeff Garlin	Actor
Louanne	Actor
Matthew Perry	Actor
Alexis Bledel	Actor
Jennifer Freeman	Actor
Mac McDonald	Actor
Gabe Gomez	Actor
Scatman Crothers	Actor
Kenan Thompson	Actor
Ken Carpenter	Actor
Wes Ramsey	Actor
Peter Robbins	Actor
Bryan Greenberg	Actor
Fernando Rey	Actor
Dorothy McGuire	Actor
'Weird Al' Yankovic	Actor
Jena Malone	Actor
Kevin Dunn	Actor
Mila Kunis	Actor
Colin Firth	Actor
Frances McDormand	Actor
Blake Lively	Actor
Peter Fonda	Actor
John Louie	Actor
Wood Harris	Actor
Danny Huston	Actor
Tamer Hassan	Actor
Hayley Atwell	Actor
Stefanie Powers	Actor
Leland Orser	Actor
Amrish Puri	Actor
Ren√©e Zellweger	Actor
Kim Cattrall	Actor
Rupert Grint	Actor
Simon Yam	Actor
Kristen Miller	Actor
Camilla Rutherford	Actor
Sharon Stone	Actor
Tsunehiko Kamij√¥	Actor
Judy Kuhn	Actor
James Sloyan	Actor
Zach Braff	Actor
Maura Tierney	Actor
Jacob Stringer	Actor
Lauren Bacall	Actor
Jason Sudeikis	Actor
Amy Adams	Actor
Kyle Gallner	Actor
Martin Hancock	Actor
Michelle Forbes	Actor
Harry Hadden-Paton	Actor
Natascha McElhone	Actor
Hans Conried	Actor
Rob Maxey	Actor
Jordan Fry	Actor
Adam Brody	Actor
Montgomery Clift	Actor
Stephanie Leonidas	Actor
Tim McGraw	Actor
Lucinda Jenney	Actor
Joe Pesci	Actor
Shawn Andrews	Actor
Theresa Russell	Actor
Jimmy Smits	Actor
Rasila Schroeder	Actor
Jonathan Breck	Actor
John Assaraf	Actor
Cecilia Roth	Actor
Ed Harris	Actor
Gil Brenton	Actor
Laura Breckenridge	Actor
Tommy Lee Jones	Actor
Keith Coogan	Actor
Sofia Coppola	Actor
Tony Martin	Actor
Ashley Laurence	Actor
Vernon Wells	Actor
Seann William Scott	Actor
Natalie Portman	Actor
Barbara O'Neil	Actor
Jenny Beck	Actor
Mark Margolis	Actor
Sela Ward	Actor
Jim Carrey	Actor
John Wood	Actor
Stanley Tucci	Actor
Vincent Price	Actor
Barrie Ingham	Actor
Gladys Cooper	Actor
Jonny Lee Miller	Actor
Arthur Hill	Actor
Dave Chappelle	Actor
Leslie Caron	Actor
George Harrison	Actor
Trey Parker	Actor
Michael Berryman	Actor
Julian Sands	Actor
John Agar	Actor
Chazz Dominguez	Actor
Nina Hellman	Actor
Natalia Borisova	Actor
Sheree J. Wilson	Actor
Temuera Morrison	Actor
Denise Crosby	Actor
George Peppard	Actor
Astrid Berg√®s-Frisbey	Actor
Michael Aherne	Actor
Dwayne Johnson	Actor
Dolly Parton	Actor
Olivia Barash	Actor
Jared Kusnitz	Actor
Paula E. Sheppard	Actor
Mark Rylance	Actor
Brett Kelly	Actor
Richard Conti	Actor
Lorraine Gary	Actor
Goldie Hawn	Actor
Steve Reed	Actor
Carice van Houten	Actor
Adolphe Menjou	Actor
Cedric Hardwicke	Actor
Chelsea Field	Actor
Richard Haydn	Actor
Jerry Stiller	Actor
Jack Plotnick	Actor
Bret Harrison	Actor
James Remar	Actor
Giacomo Baessato	Actor
Elizabeth Daily	Actor
Mark Ruffalo	Actor
Stephen Baldwin	Actor
Iain Rea	Actor
Dolly Read	Actor
Vincent Gardenia	Actor
Teri Polo	Actor
Ross Malinger	Actor
Emily Mortimer	Actor
Chris Klein	Actor
Justin Henry	Actor
Greta Gerwig	Actor
Mary Anderson	Actor
Margaret O'Brien	Actor
Brandon Routh	Actor
Jon Finch	Actor
Bruce Spence	Actor
Chris Young	Actor
Erin Matthews	Actor
Peter Stormare	Actor
Aalok Mehta	Actor
Stephen Dillane	Actor
Patrice Robitaille	Actor
George Nader	Actor
Anna Faris	Actor
Lauren German	Actor
Steven Mackintosh	Actor
Blythe Danner	Actor
Tommy Chong	Actor
Ben Daniels	Actor
John Reynolds	Actor
Blake Anderson	Actor
Ronald Lacey	Actor
Wayne Knight	Actor
Jacqueline Beudant	Actor
Jeff Morrow	Actor
Amber Valletta	Actor
Robert Livingston	Actor
Lillian Miles	Actor
Farley Granger	Actor
William Baldwin	Actor
Kitao Sakurai	Actor
Howard Stern	Actor
Jukka Hiltunen	Actor
Dean Jagger	Actor
Laura Dean	Actor
Laura Lovelace	Actor
Lou Jacobi	Actor
Cameron Bright	Actor
Danielle Mason	Actor
Frank Vincent	Actor
Carollette Phillips	Actor
Mara Wilson	Actor
Sal Mineo	Actor
Paul Angelis	Actor
Warren William	Actor
Steve Lemme	Actor
John Lone	Actor
John Cassavetes	Actor
Adoni Maropis	Actor
Rebekah Johnson	Actor
William Corson	Actor
Ralph Bellamy	Actor
Yamil Borges	Actor
Claudette Colbert	Actor
Macaulay Culkin	Actor
Karen Disher	Actor
Jeremy Renner	Actor
Patricia Belcher	Actor
Wilmer Valderrama	Actor
Maria Simon	Actor
Eli Wallach	Actor
Harvey Fierstein	Actor
Kate Winslet	Actor
James Baker III	Actor
Bob Odenkirk	Actor
Angela Bassett	Actor
Roy Kinnear	Actor
Abigail Breslin	Actor
Mary Vivian Pearce	Actor
Jesse Welles	Actor
Nate Prochnau	Actor
Jean Lenauer	Actor
Al Michaels	Actor
Claudia Lee	Actor
Kris Lemche	Actor
Basil Rathbone	Actor
John Goodman	Actor
Rob Corddry	Actor
Mark Rolston	Actor
Vincent Gallo	Actor
Richard Jordan	Actor
Nicola Reynolds	Actor
Hugh Owens	Actor
Dana Andrews	Actor
Sydney Rouviere	Actor
Eugene Pallette	Actor
Francis Matthews	Actor
Jeanette Hain	Actor
Geena Davis	Actor
Joseph Julian Soria	Actor
Richard Gilliland	Actor
Ann Sheridan	Actor
Marc Webb	Actor
Romane Bohringer	Actor
Eva Green	Actor
Ursula Andress	Actor
Richard Barthelmess	Actor
Terry Farrell	Actor
Alan Ruck	Actor
Sebastien Andrieu	Actor
Chris Carter	Actor
Zac Efron	Actor
Ewan McGregor	Actor
Terri Haven	Actor
Andrew Howard	Actor
Robert Keith	Actor
Nicole Kidman	Actor
Ed Helms	Actor
Marcia DeBonis	Actor
Ryan Merriman	Actor
Orto Ignatiussen	Actor
Ajay Naidu	Actor
Ralph Fiennes	Actor
Ronnie James Dio	Actor
Tom Berenger	Actor
Melia Zreiq	Actor
Tom Everett Scott	Actor
Anthony Edwards	Actor
Soren Fulton	Actor
Chris Cooper	Actor
Bryan Cranston	Actor
Alison Brie	Actor
Clint Eastwood	Actor
Cloris Leachman	Actor
Jason Mewes	Actor
Richard Linklater	Actor
David Moscow	Actor
Kristy McNichol	Actor
Faye Dunaway	Actor
Ziyi Zhang	Actor
Wanda Hawley	Actor
Darryl Cooksey	Actor
Cybill Shepherd	Actor
Kate Walsh	Actor
Richard Farnsworth	Actor
Jack Thompson	Actor
Craigus R. Johnson	Actor
Xolani Mali	Actor
Tim Conway	Actor
Shay Astar	Actor
Betsy Baker	Actor
Rochelle Aytes	Actor
Alex Menglet	Actor
Xavier Samuel	Actor
Til Schweiger	Actor
John Marley	Actor
Zoe Saldana	Actor
Gary Sinise	Actor
Matthew McConaughey	Actor
Ned Beatty	Actor
Marjorie Weaver	Actor
Kel Mitchell	Actor
Alan Curtis	Actor
Rita Johnson	Actor
Lena Cardwell	Actor
Barkhad Abdirahman	Actor
Famke Janssen	Actor
Aki Maeda	Actor
Dyana Ortelli	Actor
Mia Sara	Actor
Jon Gries	Actor
Chyler Leigh	Actor
Rock Hudson	Actor
Richard O'Brien	Actor
Natasha Lyonne	Actor
Chulpan Khamatova	Actor
Nick Frost	Actor
Lauri Fraser	Actor
Alice Braga	Actor
Karl Swenson	Actor
John Bennett	Actor
Ben Johnson	Actor
Cole Sprouse	Actor
Skip Hinnant	Actor
Edmund Breon	Actor
Trenton Rogers	Actor
Preston Nyman	Actor
Kadeem Hardison	Actor
Dean Stockwell	Actor
Fess Parker	Actor
Bonnie Bedelia	Actor
Bernie Casey	Actor
Dania Ramirez	Actor
Wil Wheaton	Actor
Laurie Holden	Actor
Gary Oldman	Actor
Hilary Duff	Actor
Portia Doubleday	Actor
Bill Bernstein	Actor
Konkona Sen Sharma	Actor
Nora Ricci	Actor
Heike Makatsch	Actor
Jack Mercer	Actor
Bill Fagerbakke	Actor
Daniel Fraser	Actor
Greer Garson	Actor
Dennis Hopper	Actor
Telly Savalas	Actor
Rooney Mara	Actor
Sage Stallone	Actor
Jerry Orbach	Actor
Barbara Bel Geddes	Actor
Jeffrey Wright	Actor
Roddy Maude-Roxby	Actor
Troy Evans	Actor
Alice Brady	Actor
Billy Bob Thornton	Actor
Tammy Grimes	Actor
Elizabeth Berrington	Actor
Larry the Cable Guy	Actor
Joan Leslie	Actor
Juanita Waterman	Actor
Anthony Franciosa	Actor
Debora Weston	Actor
Zane Pais	Actor
Robin Kohn	Actor
Lyle Lovett	Actor
June Squibb	Actor
Lana Turner	Actor
Christina Cox	Actor
Ryan Kwanten	Actor
Sean McCann	Actor
Ellen Wroe	Actor
Karen Allen	Actor
Leonor Watling	Actor
Georges Adet	Actor
Jane Seymour	Actor
Jean-Pierre L√©aud	Actor
Dev Patel	Actor
Logan Lerman	Actor
Dash Mihok	Actor
Pam Grier	Actor
Jennifer Lien	Actor
Charles Malik Whitfield	Actor
James Earl Jones	Actor
Myrna Fahey	Actor
David Chandler	Actor
Frances Sternhagen	Actor
John McGiver	Actor
Helen Hayes	Actor
Mishal Husain	Actor
Jane Wyatt	Actor
Arvin V. Entena	Actor
Walter P. Lewis	Actor
Hugh Keays-Byrne	Actor
Judy Parfitt	Actor
Georg H. Schnell	Actor
Morris Carnovsky	Actor
Paul Nicholls	Actor
Dale Midkiff	Actor
Asa Butterfield	Actor
Vladimir Kulich	Actor
Rory Cochrane	Actor
Emilie de Ravin	Actor
Julia Ormond	Actor
Dolores Costello	Actor
Omar Avila	Actor
Catherine Keener	Actor
Josh Evans	Actor
R. Lee Ermey	Actor
Jordan Warkol	Actor
Madeline Kahn	Actor
Dave Bautista	Actor
Glenn Anders	Actor
Robert Prosky	Actor
Kazuyoshi Minamimagoe	Actor
Mal Arnold	Actor
Rob Schneider	Actor
Josh Charles	Actor
Cathy Cavadini	Actor
David Hasselhoff	Actor
Jessica Harper	Actor
Mickey Shaughnessy	Actor
Jason Flemyng	Actor
Victoria Tennant	Actor
Toni Collette	Actor
Michael Chiklis	Actor
Nikita Hopkins	Actor
Drake Bell	Actor
Robert Loggia	Actor
Ian Wolfe	Actor
James Cosmo	Actor
Meg Ryan	Actor
Patrick Wilson	Actor
Tim Holt	Actor
Seymour Cassel	Actor
Tom Green	Actor
Jeff Conaway	Actor
Cindy Morgan	Actor
Jessica Lange	Actor
Mathew McElhinney	Actor
Rila Fukushima	Actor
Catherine Schell	Actor
Lena Headey	Actor
Walter Brennan	Actor
John Clive	Actor
Andy Griffith	Actor
Bridgette Wilson-Sampras	Actor
Michael Schoeffling	Actor
Andrew Ducote	Actor
Roseanne Barr	Actor
Barry Fitzgerald	Actor
Amitabh Bachchan	Actor
Keir Gilchrist	Actor
Diane Gaidry	Actor
Arnold Schwarzenegger	Actor
David Andrews	Actor
Jared Pfennigwerth	Actor
Richard Masur	Actor
Spencer Breslin	Actor
Lisa Pelikan	Actor
Deanna Lund	Actor
Anthony Perkins	Actor
Margaret Colin	Actor
Matt Lanter	Actor
Jeff Daniels	Actor
Barbara Babcock	Actor
Dan Hedaya	Actor
Lisa Bonet	Actor
Peter Dinklage	Actor
Geraldine Page	Actor
Jacinda Barrett	Actor
Tom Hanks	Actor
Billy Connolly	Actor
Diedrich Bader	Actor
Shannon Elizabeth	Actor
Diane Keaton	Actor
Ben Burtt	Actor
Guillaume Aretos	Actor
Harold Perrineau	Actor
Stephen Fry	Actor
Film-Noir	Genre
N/A	Genre
Action	Genre
War	Genre
History	Genre
Western	Genre
Documentary	Genre
Sport	Genre
Thriller	Genre
Biography	Genre
Adult	Genre
Comedy	Genre
Mystery	Genre
Musical	Genre
Short	Genre
Adventure	Genre
Horror	Genre
Romance	Genre
Sci-Fi	Genre
Drama	Genre
Music	Genre
Crime	Genre
Fantasy	Genre
Family	Genre
Animation	Genre
